id,room_id/id,noted_date,temp,out/in
__export__.temp_log_196134_bd201015,Room Admin,2018-12-08,29,In
__export__.temp_log_196131_7bca51bc,Room Admin,2018-12-08,29,In
__export__.temp_log_196126_d30b72fb,Room Admin,2018-12-08,31,In
__export__.temp_log_196125_b0fa0b41,Room Admin,2018-12-08,31,In
__export__.temp_log_196121_01544d45,Room Admin,2018-12-08,29,In
__export__.temp_log_196122_f8b80a9f,Room Admin,2018-12-08,29,In
__export__.temp_log_196111_6b7a0848,Room Admin,2018-12-08,29,In
__export__.temp_log_196112_e134aebd,Room Admin,2018-12-08,29,In
__export__.temp_log_196101_d5ec7633,Room Admin,2018-12-08,29,In
__export__.temp_log_196099_3b8ef67b,Room Admin,2018-12-08,29,In
__export__.temp_log_196095_788b2c27,Room Admin,2018-12-08,29,In
__export__.temp_log_196096_eafb59b6,Room Admin,2018-12-08,29,In
__export__.temp_log_196090_b5f7ca9c,Room Admin,2018-12-08,29,In
__export__.temp_log_196087_e04d9477,Room Admin,2018-12-08,29,In
__export__.temp_log_196082_e025abaa,Room Admin,2018-12-08,29,In
__export__.temp_log_196081_db1796b5,Room Admin,2018-12-08,29,In
__export__.temp_log_196077_d97a0ff1,Room Admin,2018-12-08,29,In
__export__.temp_log_196076_93e253c7,Room Admin,2018-12-08,29,In
__export__.temp_log_196073_6cce2ad3,Room Admin,2018-12-08,29,In
__export__.temp_log_196071_cfb015ff,Room Admin,2018-12-08,29,In
__export__.temp_log_196065_a29349e0,Room Admin,2018-12-08,29,In
__export__.temp_log_196063_5facf520,Room Admin,2018-12-08,29,In
__export__.temp_log_196052_a206be15,Room Admin,2018-12-08,29,In
__export__.temp_log_196050_3c252aff,Room Admin,2018-12-08,29,In
__export__.temp_log_196039_a167c302,Room Admin,2018-12-08,29,In
__export__.temp_log_196037_fdf98314,Room Admin,2018-12-08,30,In
__export__.temp_log_196035_689daecd,Room Admin,2018-12-08,29,In
__export__.temp_log_196033_cec7562b,Room Admin,2018-12-08,30,In
__export__.temp_log_196026_8ad54b4f,Room Admin,2018-12-08,30,In
__export__.temp_log_196022_1b205f24,Room Admin,2018-12-08,29,In
__export__.temp_log_196021_0ed345a9,Room Admin,2018-12-08,29,In
__export__.temp_log_196020_dbaffc92,Room Admin,2018-12-08,29,In
__export__.temp_log_196018_adf4ef79,Room Admin,2018-12-08,29,In
__export__.temp_log_196014_8d2b9031,Room Admin,2018-12-08,30,In
__export__.temp_log_196015_db31e3bc,Room Admin,2018-12-08,30,In
__export__.temp_log_196003_7a23e92c,Room Admin,2018-12-08,29,In
__export__.temp_log_196000_3f2ed7ca,Room Admin,2018-12-08,29,In
__export__.temp_log_195999_728bba0f,Room Admin,2018-12-08,31,In
__export__.temp_log_195994_6650de18,Room Admin,2018-12-08,29,In
__export__.temp_log_195993_ca94691a,Room Admin,2018-12-08,29,In
__export__.temp_log_195983_fec1f952,Room Admin,2018-12-08,29,In
__export__.temp_log_195976_f524a948,Room Admin,2018-12-08,29,In
__export__.temp_log_195977_e1805396,Room Admin,2018-12-08,29,In
__export__.temp_log_195972_db46be7e,Room Admin,2018-12-08,29,In
__export__.temp_log_195969_8f5806db,Room Admin,2018-12-08,29,In
__export__.temp_log_195966_7067918d,Room Admin,2018-12-08,30,In
__export__.temp_log_195967_fd90463b,Room Admin,2018-12-08,30,In
__export__.temp_log_195965_d674087f,Room Admin,2018-12-08,29,In
__export__.temp_log_195964_78b18ce8,Room Admin,2018-12-08,29,In
__export__.temp_log_195960_83b2ac63,Room Admin,2018-12-08,29,In
__export__.temp_log_195958_d1f1c452,Room Admin,2018-12-08,29,In
__export__.temp_log_195952_80703f87,Room Admin,2018-12-08,29,In
__export__.temp_log_195953_8d40d5d6,Room Admin,2018-12-08,29,In
__export__.temp_log_195946_950a05dd,Room Admin,2018-12-08,29,In
__export__.temp_log_195947_788677b5,Room Admin,2018-12-08,29,In
__export__.temp_log_195937_fb578c35,Room Admin,2018-12-08,29,In
__export__.temp_log_195935_ab01285d,Room Admin,2018-12-08,29,In
__export__.temp_log_195929_7e57e39e,Room Admin,2018-12-08,29,In
__export__.temp_log_195928_bf913f02,Room Admin,2018-12-08,29,In
__export__.temp_log_195923_6788ab66,Room Admin,2018-12-08,29,In
__export__.temp_log_195921_54b29c20,Room Admin,2018-12-08,29,In
__export__.temp_log_195915_0f898d60,Room Admin,2018-12-08,29,In
__export__.temp_log_195914_c287670c,Room Admin,2018-12-08,29,In
__export__.temp_log_195909_4bb4aa6e,Room Admin,2018-12-08,29,In
__export__.temp_log_195910_45867a15,Room Admin,2018-12-08,29,In
__export__.temp_log_195905_c6c4e9b4,Room Admin,2018-12-08,29,In
__export__.temp_log_195904_2e517ede,Room Admin,2018-12-08,29,In
__export__.temp_log_195897_5db0f878,Room Admin,2018-12-08,29,In
__export__.temp_log_195898_e3dd9f74,Room Admin,2018-12-08,29,In
__export__.temp_log_195895_f547a4eb,Room Admin,2018-12-08,29,In
__export__.temp_log_195894_3bedeaeb,Room Admin,2018-12-08,29,In
__export__.temp_log_195891_1322e658,Room Admin,2018-12-08,30,In
__export__.temp_log_195890_324848c7,Room Admin,2018-12-08,30,In
__export__.temp_log_195887_7278790d,Room Admin,2018-12-08,29,In
__export__.temp_log_195885_53d95e8e,Room Admin,2018-12-08,29,In
__export__.temp_log_195881_8bf9697a,Room Admin,2018-12-08,30,In
__export__.temp_log_195880_5ba2a991,Room Admin,2018-12-08,30,In
__export__.temp_log_195877_bcc1e881,Room Admin,2018-12-08,29,In
__export__.temp_log_195875_3859808a,Room Admin,2018-12-08,29,In
__export__.temp_log_195867_b370c0e5,Room Admin,2018-12-08,29,In
__export__.temp_log_195869_b3533a1a,Room Admin,2018-12-08,29,In
__export__.temp_log_195863_8fec02dc,Room Admin,2018-12-08,29,In
__export__.temp_log_195862_437cc596,Room Admin,2018-12-08,29,In
__export__.temp_log_195855_0cae6cd7,Room Admin,2018-12-08,29,In
__export__.temp_log_195854_31c44924,Room Admin,2018-12-08,29,In
__export__.temp_log_195843_94e9ddeb,Room Admin,2018-12-08,29,In
__export__.temp_log_195839_47cb936e,Room Admin,2018-12-08,29,In
__export__.temp_log_195832_c1f30f3b,Room Admin,2018-12-08,29,In
__export__.temp_log_195827_415cb68d,Room Admin,2018-12-08,29,In
__export__.temp_log_195825_8b52d359,Room Admin,2018-12-08,29,In
__export__.temp_log_195819_aeb37aba,Room Admin,2018-12-08,29,In
__export__.temp_log_195814_cb52225d,Room Admin,2018-12-08,29,In
__export__.temp_log_195809_1a7adc53,Room Admin,2018-12-08,29,In
__export__.temp_log_195802_113aa722,Room Admin,2018-12-08,29,In
__export__.temp_log_195799_9326dd39,Room Admin,2018-12-08,29,In
__export__.temp_log_195796_19025bcd,Room Admin,2018-12-08,29,In
__export__.temp_log_195791_42832358,Room Admin,2018-12-08,29,In
__export__.temp_log_195789_e73d0273,Room Admin,2018-12-08,29,In
__export__.temp_log_195781_d191f832,Room Admin,2018-12-08,29,In
__export__.temp_log_195778_33c5ac50,Room Admin,2018-12-08,29,In
__export__.temp_log_195775_4b268ee4,Room Admin,2018-12-08,29,In
__export__.temp_log_195771_5e45289d,Room Admin,2018-12-08,29,In
__export__.temp_log_195757_f68963a1,Room Admin,2018-12-08,29,In
__export__.temp_log_195755_49c6143b,Room Admin,2018-12-08,29,In
__export__.temp_log_195754_a4798307,Room Admin,2018-12-08,29,In
__export__.temp_log_195753_d577e2a7,Room Admin,2018-12-08,29,In
__export__.temp_log_195747_0e2463c8,Room Admin,2018-12-08,29,In
__export__.temp_log_195748_ef018a38,Room Admin,2018-12-08,29,In
__export__.temp_log_195743_3490989d,Room Admin,2018-12-08,29,In
__export__.temp_log_195741_1ee117ce,Room Admin,2018-12-08,29,In
__export__.temp_log_195737_9b7cf031,Room Admin,2018-12-08,29,In
__export__.temp_log_195735_db7981b8,Room Admin,2018-12-08,29,In
__export__.temp_log_195720_6d45515d,Room Admin,2018-12-08,29,In
__export__.temp_log_195718_71c2dad3,Room Admin,2018-12-08,29,In
__export__.temp_log_195712_33302c75,Room Admin,2018-12-08,29,In
__export__.temp_log_195699_ae35986e,Room Admin,2018-12-08,29,In
__export__.temp_log_195700_9f91987a,Room Admin,2018-12-08,29,In
__export__.temp_log_195696_ab5dac1e,Room Admin,2018-12-08,29,In
__export__.temp_log_195689_2122bb37,Room Admin,2018-12-08,29,In
__export__.temp_log_195681_bd6505a1,Room Admin,2018-12-08,29,In
__export__.temp_log_195675_881ee565,Room Admin,2018-12-08,29,In
__export__.temp_log_195664_5c6077e7,Room Admin,2018-12-08,29,In
__export__.temp_log_195662_0427381e,Room Admin,2018-12-08,29,In
__export__.temp_log_195658_8fc4ba31,Room Admin,2018-12-08,29,In
__export__.temp_log_195657_ce71fe88,Room Admin,2018-12-08,29,In
__export__.temp_log_195653_c4fb531f,Room Admin,2018-12-08,29,In
__export__.temp_log_195654_646ef3ee,Room Admin,2018-12-08,29,In
__export__.temp_log_195641_5f06db35,Room Admin,2018-12-08,29,In
__export__.temp_log_195638_3041af8f,Room Admin,2018-12-08,29,In
__export__.temp_log_195624_895f8bec,Room Admin,2018-12-08,29,In
__export__.temp_log_195622_231c2bdf,Room Admin,2018-12-08,29,In
__export__.temp_log_195614_1148cf83,Room Admin,2018-12-08,29,In
__export__.temp_log_195605_b53f739a,Room Admin,2018-12-08,29,In
__export__.temp_log_195601_dd0c7ab3,Room Admin,2018-12-08,29,In
__export__.temp_log_195598_ad3240b5,Room Admin,2018-12-08,29,In
__export__.temp_log_195593_e192d0f3,Room Admin,2018-12-08,29,In
__export__.temp_log_195589_ce331dcf,Room Admin,2018-12-08,29,In
__export__.temp_log_195583_b22df853,Room Admin,2018-12-08,29,In
__export__.temp_log_195581_f56cee93,Room Admin,2018-12-08,29,In
__export__.temp_log_195578_2d6785ee,Room Admin,2018-12-08,29,In
__export__.temp_log_195573_717824ba,Room Admin,2018-12-08,29,In
__export__.temp_log_195567_c41391e4,Room Admin,2018-12-08,29,In
__export__.temp_log_195564_a98743a4,Room Admin,2018-12-08,29,In
__export__.temp_log_195561_012fc08b,Room Admin,2018-12-08,29,In
__export__.temp_log_195555_0feeb1cb,Room Admin,2018-12-08,29,In
__export__.temp_log_195549_7720b115,Room Admin,2018-12-08,29,In
__export__.temp_log_195546_8553cd41,Room Admin,2018-12-08,29,In
__export__.temp_log_195531_641454b1,Room Admin,2018-12-08,29,In
__export__.temp_log_195524_6d22cf81,Room Admin,2018-12-08,29,In
__export__.temp_log_195520_35e595e6,Room Admin,2018-12-08,29,In
__export__.temp_log_195508_c28f66e6,Room Admin,2018-12-08,29,In
__export__.temp_log_195469_b1fcae4e,Room Admin,2018-12-08,30,In
__export__.temp_log_195467_bdc3b8d2,Room Admin,2018-12-08,30,In
__export__.temp_log_195462_d0f5705e,Room Admin,2018-12-08,29,In
__export__.temp_log_195459_cabba896,Room Admin,2018-12-08,29,In
__export__.temp_log_195447_07d602b5,Room Admin,2018-12-08,30,In
__export__.temp_log_195444_84ddce5e,Room Admin,2018-12-08,29,In
__export__.temp_log_195440_f7e2c6ed,Room Admin,2018-12-08,30,In
__export__.temp_log_195435_2563753c,Room Admin,2018-12-08,30,In
__export__.temp_log_195434_3dd6ba8b,Room Admin,2018-12-08,29,In
__export__.temp_log_195427_8580654c,Room Admin,2018-12-08,29,In
__export__.temp_log_195428_13e2d9bd,Room Admin,2018-12-08,29,In
__export__.temp_log_195416_77e1755c,Room Admin,2018-12-08,29,In
__export__.temp_log_195415_66478123,Room Admin,2018-12-08,29,In
__export__.temp_log_195410_c6095322,Room Admin,2018-12-08,29,In
__export__.temp_log_195409_1b2294e4,Room Admin,2018-12-08,29,In
__export__.temp_log_195400_4f81abe4,Room Admin,2018-12-08,29,In
__export__.temp_log_195399_57296b5c,Room Admin,2018-12-08,29,In
__export__.temp_log_195394_a8647158,Room Admin,2018-12-08,29,In
__export__.temp_log_195392_366330b0,Room Admin,2018-12-08,29,In
__export__.temp_log_195391_895b9428,Room Admin,2018-12-08,29,In
__export__.temp_log_195387_62a2fc50,Room Admin,2018-12-08,29,In
__export__.temp_log_195385_bc2cd923,Room Admin,2018-12-08,29,In
__export__.temp_log_195382_82800a71,Room Admin,2018-12-08,29,In
__export__.temp_log_195375_102599b8,Room Admin,2018-12-08,29,In
__export__.temp_log_195368_5827d784,Room Admin,2018-12-08,29,In
__export__.temp_log_195361_5e231b52,Room Admin,2018-12-08,29,In
__export__.temp_log_195356_cc50e6c4,Room Admin,2018-12-08,29,In
__export__.temp_log_195352_5eafa76a,Room Admin,2018-12-08,29,In
__export__.temp_log_195342_3485727d,Room Admin,2018-12-08,29,In
__export__.temp_log_195338_40c6f6c7,Room Admin,2018-12-08,29,In
__export__.temp_log_195331_5e65720d,Room Admin,2018-12-08,29,In
__export__.temp_log_195315_38ef5b29,Room Admin,2018-12-08,29,In
__export__.temp_log_195314_4f6d4d40,Room Admin,2018-12-08,29,In
__export__.temp_log_195305_08839f90,Room Admin,2018-12-08,29,In
__export__.temp_log_195303_e59befe1,Room Admin,2018-12-08,29,In
__export__.temp_log_195287_6cc0f8ba,Room Admin,2018-12-08,29,In
__export__.temp_log_195286_6d1b0ac4,Room Admin,2018-12-08,29,In
__export__.temp_log_195279_786b27a2,Room Admin,2018-12-08,29,In
__export__.temp_log_195278_f559d8fa,Room Admin,2018-12-08,29,In
__export__.temp_log_195263_2895b558,Room Admin,2018-12-08,29,In
__export__.temp_log_195262_fa4c706c,Room Admin,2018-12-08,29,In
__export__.temp_log_195253_839bbc1e,Room Admin,2018-12-08,29,In
__export__.temp_log_195252_7854256f,Room Admin,2018-12-08,29,In
__export__.temp_log_195247_c6a62b1f,Room Admin,2018-12-08,30,In
__export__.temp_log_195246_404b296d,Room Admin,2018-12-08,30,In
__export__.temp_log_195237_541c156e,Room Admin,2018-12-08,29,In
__export__.temp_log_195236_4b7ee5f0,Room Admin,2018-12-08,29,In
__export__.temp_log_195231_b7d8ce75,Room Admin,2018-12-08,29,In
__export__.temp_log_195230_d4a4c157,Room Admin,2018-12-08,29,In
__export__.temp_log_195191_3c3c8d59,Room Admin,2018-12-08,29,In
__export__.temp_log_195190_0cf4c084,Room Admin,2018-12-08,29,In
__export__.temp_log_195185_40cec82c,Room Admin,2018-12-08,29,In
__export__.temp_log_195184_338435ef,Room Admin,2018-12-08,29,In
__export__.temp_log_195175_07586658,Room Admin,2018-12-08,29,In
__export__.temp_log_195174_72be5b21,Room Admin,2018-12-08,29,In
__export__.temp_log_195165_99840a1c,Room Admin,2018-12-08,29,In
__export__.temp_log_195164_4ff2549b,Room Admin,2018-12-08,29,In
__export__.temp_log_195146_7b25971b,Room Admin,2018-12-08,29,In
__export__.temp_log_195147_1be17b84,Room Admin,2018-12-08,29,In
__export__.temp_log_195139_3ae05a53,Room Admin,2018-12-08,29,In
__export__.temp_log_195138_4c528c59,Room Admin,2018-12-08,29,In
__export__.temp_log_195131_f2bc3d99,Room Admin,2018-12-08,29,In
__export__.temp_log_195130_e2128775,Room Admin,2018-12-08,29,In
__export__.temp_log_195117_0310e550,Room Admin,2018-12-08,29,In
__export__.temp_log_195116_d31657b9,Room Admin,2018-12-08,29,In
__export__.temp_log_195114_0302145d,Room Admin,2018-12-08,30,In
__export__.temp_log_195115_7de36953,Room Admin,2018-12-08,30,In
__export__.temp_log_195107_e9bd831a,Room Admin,2018-12-08,29,In
__export__.temp_log_195106_1161a490,Room Admin,2018-12-08,29,In
__export__.temp_log_195097_7fb4f591,Room Admin,2018-12-08,29,In
__export__.temp_log_195096_206056de,Room Admin,2018-12-08,29,In
__export__.temp_log_195091_b1536e7c,Room Admin,2018-12-08,30,In
__export__.temp_log_195090_a0dcc099,Room Admin,2018-12-08,30,In
__export__.temp_log_195087_2785ae71,Room Admin,2018-12-08,29,In
__export__.temp_log_195086_09d4d68c,Room Admin,2018-12-08,29,In
__export__.temp_log_195083_ea67bfee,Room Admin,2018-12-08,29,In
__export__.temp_log_195082_07be8615,Room Admin,2018-12-08,29,In
__export__.temp_log_195075_9de50453,Room Admin,2018-12-08,29,In
__export__.temp_log_195074_8841b10a,Room Admin,2018-12-08,29,In
__export__.temp_log_195071_7362ce83,Room Admin,2018-12-08,30,In
__export__.temp_log_195069_1cc7bf5d,Room Admin,2018-12-08,30,In
__export__.temp_log_195066_732e758f,Room Admin,2018-12-08,29,In
__export__.temp_log_195067_02305247,Room Admin,2018-12-08,29,In
__export__.temp_log_195060_d29a5211,Room Admin,2018-12-08,29,In
__export__.temp_log_195061_ab70c289,Room Admin,2018-12-08,29,In
__export__.temp_log_195037_9456fdc0,Room Admin,2018-12-08,29,In
__export__.temp_log_195036_d688778a,Room Admin,2018-12-08,29,In
__export__.temp_log_195032_f565a419,Room Admin,2018-12-08,29,In
__export__.temp_log_195033_f6909e99,Room Admin,2018-12-08,29,In
__export__.temp_log_195016_4736aa06,Room Admin,2018-12-08,29,In
__export__.temp_log_195017_d9b81aa4,Room Admin,2018-12-08,29,In
__export__.temp_log_195007_a3107e67,Room Admin,2018-12-08,29,In
__export__.temp_log_195006_f32da630,Room Admin,2018-12-08,29,In
__export__.temp_log_194996_10f4893c,Room Admin,2018-12-08,29,In
__export__.temp_log_194997_1464bf18,Room Admin,2018-12-08,29,In
__export__.temp_log_194985_0c242e58,Room Admin,2018-12-08,29,In
__export__.temp_log_194984_39091438,Room Admin,2018-12-08,29,In
__export__.temp_log_194976_f231959c,Room Admin,2018-12-08,29,In
__export__.temp_log_194977_a9146e04,Room Admin,2018-12-08,29,In
__export__.temp_log_194965_46a0dad3,Room Admin,2018-12-08,29,In
__export__.temp_log_194964_d81d2efb,Room Admin,2018-12-08,29,In
__export__.temp_log_194959_9da0f776,Room Admin,2018-12-08,29,In
__export__.temp_log_194958_c13f3297,Room Admin,2018-12-08,29,In
__export__.temp_log_194950_55e01366,Room Admin,2018-12-08,29,In
__export__.temp_log_194951_b4c6d07f,Room Admin,2018-12-08,29,In
__export__.temp_log_194939_76c28cf6,Room Admin,2018-12-08,29,In
__export__.temp_log_194938_0139eddc,Room Admin,2018-12-08,29,In
__export__.temp_log_194932_5e4f94e1,Room Admin,2018-12-08,29,In
__export__.temp_log_194933_32ff9e01,Room Admin,2018-12-08,29,In
__export__.temp_log_194919_9d554452,Room Admin,2018-12-08,29,In
__export__.temp_log_194918_b4c3d084,Room Admin,2018-12-08,29,In
__export__.temp_log_194911_7f8aa418,Room Admin,2018-12-08,29,In
__export__.temp_log_194910_4048ba16,Room Admin,2018-12-08,29,In
__export__.temp_log_194901_6f57fc6f,Room Admin,2018-12-08,29,In
__export__.temp_log_194900_458dc13d,Room Admin,2018-12-08,29,In
__export__.temp_log_194893_471c25a3,Room Admin,2018-12-08,29,In
__export__.temp_log_194892_a320632f,Room Admin,2018-12-08,29,In
__export__.temp_log_194873_62ec65e1,Room Admin,2018-12-08,29,In
__export__.temp_log_194872_b936cf73,Room Admin,2018-12-08,29,In
__export__.temp_log_194861_d4ba58c5,Room Admin,2018-12-08,29,In
__export__.temp_log_194860_1096f062,Room Admin,2018-12-08,29,In
__export__.temp_log_194854_a4d07ea7,Room Admin,2018-12-08,29,In
__export__.temp_log_194855_5011284d,Room Admin,2018-12-08,29,In
__export__.temp_log_194848_3a7223be,Room Admin,2018-12-08,29,In
__export__.temp_log_194849_0143353a,Room Admin,2018-12-08,29,In
__export__.temp_log_194840_c3310ddf,Room Admin,2018-12-08,29,In
__export__.temp_log_194841_64906bb9,Room Admin,2018-12-08,29,In
__export__.temp_log_194837_545ffae2,Room Admin,2018-12-08,29,In
__export__.temp_log_194836_9b76a8f2,Room Admin,2018-12-08,29,In
__export__.temp_log_194829_643f239d,Room Admin,2018-12-08,29,In
__export__.temp_log_194828_8bc06df4,Room Admin,2018-12-08,29,In
__export__.temp_log_194817_b7974218,Room Admin,2018-12-08,29,In
__export__.temp_log_194816_de1b7ebb,Room Admin,2018-12-08,29,In
__export__.temp_log_194806_314d3aaa,Room Admin,2018-12-08,29,In
__export__.temp_log_194807_3f2e7e94,Room Admin,2018-12-08,29,In
__export__.temp_log_194800_5e14c03d,Room Admin,2018-12-08,29,In
__export__.temp_log_194801_243a5309,Room Admin,2018-12-08,29,In
__export__.temp_log_194795_810d0ae7,Room Admin,2018-12-08,29,In
__export__.temp_log_194794_e8205c52,Room Admin,2018-12-08,29,In
__export__.temp_log_194791_9814792e,Room Admin,2018-12-08,29,In
__export__.temp_log_194790_381b220a,Room Admin,2018-12-08,29,In
__export__.temp_log_194787_fa7912bf,Room Admin,2018-12-08,30,In
__export__.temp_log_194786_a51c3165,Room Admin,2018-12-08,30,In
__export__.temp_log_194779_d3719fa9,Room Admin,2018-12-08,30,In
__export__.temp_log_194778_f9cc9eeb,Room Admin,2018-12-08,30,In
__export__.temp_log_194766_fd5bd51c,Room Admin,2018-12-08,29,In
__export__.temp_log_194767_6d3b6b50,Room Admin,2018-12-08,29,In
__export__.temp_log_194758_bc93a32f,Room Admin,2018-12-08,29,In
__export__.temp_log_194759_e4d1bf69,Room Admin,2018-12-08,29,In
__export__.temp_log_194753_206b3eae,Room Admin,2018-12-08,29,In
__export__.temp_log_194752_7e1f65fd,Room Admin,2018-12-08,29,In
__export__.temp_log_194747_a50ea5a6,Room Admin,2018-12-08,29,In
__export__.temp_log_194746_dc20cecb,Room Admin,2018-12-08,29,In
__export__.temp_log_194740_a4f71d26,Room Admin,2018-12-08,29,In
__export__.temp_log_194741_366646bc,Room Admin,2018-12-08,29,In
__export__.temp_log_194735_f41883b1,Room Admin,2018-12-08,29,In
__export__.temp_log_194734_8742440e,Room Admin,2018-12-08,29,In
__export__.temp_log_194728_6a1e0ee3,Room Admin,2018-12-08,29,In
__export__.temp_log_194729_1eec1b7d,Room Admin,2018-12-08,29,In
__export__.temp_log_194718_841324c9,Room Admin,2018-12-08,29,In
__export__.temp_log_194719_725c05d9,Room Admin,2018-12-08,29,In
__export__.temp_log_194708_c722997f,Room Admin,2018-12-08,29,In
__export__.temp_log_194709_dd56f0e9,Room Admin,2018-12-08,29,In
__export__.temp_log_194689_b98e94f7,Room Admin,2018-12-08,29,In
__export__.temp_log_194688_9b31138b,Room Admin,2018-12-08,29,In
__export__.temp_log_194684_fd8e1317,Room Admin,2018-12-08,29,In
__export__.temp_log_194685_3cee0a5a,Room Admin,2018-12-08,29,In
__export__.temp_log_194674_44bb4091,Room Admin,2018-12-08,30,In
__export__.temp_log_194675_8e828f31,Room Admin,2018-12-08,30,In
__export__.temp_log_194669_28678a52,Room Admin,2018-12-08,29,In
__export__.temp_log_194668_ce03abbd,Room Admin,2018-12-08,29,In
__export__.temp_log_194666_80bbf90a,Room Admin,2018-12-08,30,In
__export__.temp_log_194667_ea59dc92,Room Admin,2018-12-08,30,In
__export__.temp_log_194663_3e0f66ee,Room Admin,2018-12-08,29,In
__export__.temp_log_194662_6858b0fd,Room Admin,2018-12-08,29,In
__export__.temp_log_194658_0ae57208,Room Admin,2018-12-08,30,In
__export__.temp_log_194660_5a2f0ab5,Room Admin,2018-12-08,30,In
__export__.temp_log_194653_3463cc19,Room Admin,2018-12-08,30,In
__export__.temp_log_194652_150516ad,Room Admin,2018-12-08,30,In
__export__.temp_log_194645_ae5ccd94,Room Admin,2018-12-08,29,In
__export__.temp_log_194644_14d79e2d,Room Admin,2018-12-08,29,In
__export__.temp_log_194636_98543f68,Room Admin,2018-12-08,29,In
__export__.temp_log_194637_c072f958,Room Admin,2018-12-08,29,In
__export__.temp_log_194633_5d766573,Room Admin,2018-12-08,30,In
__export__.temp_log_194632_8719c8fa,Room Admin,2018-12-08,30,In
__export__.temp_log_194620_36c5cbf7,Room Admin,2018-12-08,29,In
__export__.temp_log_194621_c61ccc01,Room Admin,2018-12-08,29,In
__export__.temp_log_194614_a2220c42,Room Admin,2018-12-08,29,In
__export__.temp_log_194615_9d25275c,Room Admin,2018-12-08,29,In
__export__.temp_log_194607_46a04987,Room Admin,2018-12-08,29,In
__export__.temp_log_194606_052b8799,Room Admin,2018-12-08,29,In
__export__.temp_log_194597_5253a483,Room Admin,2018-12-08,29,In
__export__.temp_log_194596_84596206,Room Admin,2018-12-08,29,In
__export__.temp_log_194592_2dfb92f0,Room Admin,2018-12-08,29,In
__export__.temp_log_194593_68d9c59e,Room Admin,2018-12-08,29,In
__export__.temp_log_194579_ee7e99d7,Room Admin,2018-12-08,29,In
__export__.temp_log_194578_f915bc76,Room Admin,2018-12-08,29,In
__export__.temp_log_194563_36005663,Room Admin,2018-12-08,29,In
__export__.temp_log_194562_8f38cf3d,Room Admin,2018-12-08,29,In
__export__.temp_log_194555_e0289275,Room Admin,2018-12-08,29,In
__export__.temp_log_194554_090b5d40,Room Admin,2018-12-08,29,In
__export__.temp_log_194541_d492268d,Room Admin,2018-12-08,29,In
__export__.temp_log_194540_7829dad5,Room Admin,2018-12-08,29,In
__export__.temp_log_194531_bb5a0ac0,Room Admin,2018-12-08,29,In
__export__.temp_log_194530_60460764,Room Admin,2018-12-08,29,In
__export__.temp_log_194525_f34df9ae,Room Admin,2018-12-08,29,In
__export__.temp_log_194524_5ddbb084,Room Admin,2018-12-08,29,In
__export__.temp_log_194518_909c67b8,Room Admin,2018-12-08,29,In
__export__.temp_log_194519_d1fcf870,Room Admin,2018-12-08,29,In
__export__.temp_log_194513_239deb28,Room Admin,2018-12-08,29,In
__export__.temp_log_194512_f1622e46,Room Admin,2018-12-08,29,In
__export__.temp_log_194511_848fadb2,Room Admin,2018-12-08,29,In
__export__.temp_log_194510_8ee37102,Room Admin,2018-12-08,29,In
__export__.temp_log_194509_997505d6,Room Admin,2018-12-08,29,In
__export__.temp_log_194508_2cc23aa9,Room Admin,2018-12-08,29,In
__export__.temp_log_194507_a4a7a625,Room Admin,2018-12-08,29,In
__export__.temp_log_194506_7ac0db75,Room Admin,2018-12-08,29,In
__export__.temp_log_194503_d0e35601,Room Admin,2018-12-08,29,In
__export__.temp_log_194502_3dae76a2,Room Admin,2018-12-08,29,In
__export__.temp_log_194496_94b14b2f,Room Admin,2018-12-08,29,In
__export__.temp_log_194497_2b8aec73,Room Admin,2018-12-08,29,In
__export__.temp_log_194491_03fbda92,Room Admin,2018-12-08,29,In
__export__.temp_log_194490_c03ad4c6,Room Admin,2018-12-08,29,In
__export__.temp_log_194486_c214da2f,Room Admin,2018-12-08,29,In
__export__.temp_log_194487_cdc8c2c0,Room Admin,2018-12-08,29,In
__export__.temp_log_194483_208581df,Room Admin,2018-12-08,29,In
__export__.temp_log_194482_37fa8ba2,Room Admin,2018-12-08,29,In
__export__.temp_log_194479_2192a9c5,Room Admin,2018-12-08,29,In
__export__.temp_log_194478_4eb481df,Room Admin,2018-12-08,29,In
__export__.temp_log_194474_1ef9b3b7,Room Admin,2018-12-08,29,In
__export__.temp_log_194475_8ff98d5e,Room Admin,2018-12-08,29,In
__export__.temp_log_194473_98e04ec0,Room Admin,2018-12-08,29,In
__export__.temp_log_194472_c8de7bbe,Room Admin,2018-12-08,29,In
__export__.temp_log_194468_c57249d5,Room Admin,2018-12-08,29,In
__export__.temp_log_194469_01b9f659,Room Admin,2018-12-08,29,In
__export__.temp_log_194463_aa076515,Room Admin,2018-12-08,29,In
__export__.temp_log_194462_cd1c7d66,Room Admin,2018-12-08,29,In
__export__.temp_log_194456_1595a890,Room Admin,2018-12-08,29,In
__export__.temp_log_194457_73c83528,Room Admin,2018-12-08,29,In
__export__.temp_log_194449_58a54913,Room Admin,2018-12-08,29,In
__export__.temp_log_194448_b7c00056,Room Admin,2018-12-08,29,In
__export__.temp_log_194443_6f3afe17,Room Admin,2018-12-08,29,In
__export__.temp_log_194442_8a532819,Room Admin,2018-12-08,29,In
__export__.temp_log_194423_8e637b3e,Room Admin,2018-12-07,29,In
__export__.temp_log_194422_535bcc4e,Room Admin,2018-12-07,29,In
__export__.temp_log_194417_962feecd,Room Admin,2018-12-07,29,In
__export__.temp_log_194416_059f60bd,Room Admin,2018-12-07,29,In
__export__.temp_log_194398_4b45b67d,Room Admin,2018-12-07,29,In
__export__.temp_log_194399_fc48c85c,Room Admin,2018-12-07,29,In
__export__.temp_log_194385_d4d8800b,Room Admin,2018-12-07,29,In
__export__.temp_log_194384_fb952af9,Room Admin,2018-12-07,29,In
__export__.temp_log_194374_aa338bed,Room Admin,2018-12-07,29,In
__export__.temp_log_194375_bbe5b195,Room Admin,2018-12-07,29,In
__export__.temp_log_194368_0e260aa1,Room Admin,2018-12-07,29,In
__export__.temp_log_194369_cce6d858,Room Admin,2018-12-07,29,In
__export__.temp_log_194360_9a76d9c9,Room Admin,2018-12-07,29,In
__export__.temp_log_194361_366502b5,Room Admin,2018-12-07,29,In
__export__.temp_log_194351_24e10635,Room Admin,2018-12-07,29,In
__export__.temp_log_194350_cff77e81,Room Admin,2018-12-07,29,In
__export__.temp_log_194346_cf5abafe,Room Admin,2018-12-07,29,In
__export__.temp_log_194347_cd085cdb,Room Admin,2018-12-07,29,In
__export__.temp_log_194339_e1efbc11,Room Admin,2018-12-07,29,In
__export__.temp_log_194338_a771bb5e,Room Admin,2018-12-07,29,In
__export__.temp_log_194331_ee91c118,Room Admin,2018-12-07,29,In
__export__.temp_log_194330_a5908400,Room Admin,2018-12-07,29,In
__export__.temp_log_194323_323ba8d3,Room Admin,2018-12-07,29,In
__export__.temp_log_194322_4adc5ecd,Room Admin,2018-12-07,29,In
__export__.temp_log_194319_f0e5f1ae,Room Admin,2018-12-07,29,In
__export__.temp_log_194318_bdf839f5,Room Admin,2018-12-07,29,In
__export__.temp_log_194313_2f7d524c,Room Admin,2018-12-07,29,In
__export__.temp_log_194312_b013b984,Room Admin,2018-12-07,29,In
__export__.temp_log_194305_e98ab26e,Room Admin,2018-12-07,29,In
__export__.temp_log_194304_51ee1841,Room Admin,2018-12-07,29,In
__export__.temp_log_194301_bb9bf272,Room Admin,2018-12-07,29,In
__export__.temp_log_194300_6ef0e9aa,Room Admin,2018-12-07,29,In
__export__.temp_log_194293_be7ace3a,Room Admin,2018-12-07,29,In
__export__.temp_log_194292_06f4df7f,Room Admin,2018-12-07,29,In
__export__.temp_log_194287_eddd802a,Room Admin,2018-12-07,29,In
__export__.temp_log_194286_fa306912,Room Admin,2018-12-07,29,In
__export__.temp_log_194283_56ab9866,Room Admin,2018-12-07,29,In
__export__.temp_log_194282_0bab890f,Room Admin,2018-12-07,29,In
__export__.temp_log_194281_a2e3e73a,Room Admin,2018-12-07,29,In
__export__.temp_log_194280_129acaa0,Room Admin,2018-12-07,29,In
__export__.temp_log_194271_60487322,Room Admin,2018-12-07,29,In
__export__.temp_log_194270_f11f63f8,Room Admin,2018-12-07,29,In
__export__.temp_log_194258_4cccbbb4,Room Admin,2018-12-07,29,In
__export__.temp_log_194259_0e2545b9,Room Admin,2018-12-07,29,In
__export__.temp_log_194255_342dd01c,Room Admin,2018-12-07,29,In
__export__.temp_log_194254_16fbbcbd,Room Admin,2018-12-07,29,In
__export__.temp_log_194248_79426673,Room Admin,2018-12-07,29,In
__export__.temp_log_194249_7ce026af,Room Admin,2018-12-07,29,In
__export__.temp_log_194237_b9552510,Room Admin,2018-12-07,29,In
__export__.temp_log_194236_418aa752,Room Admin,2018-12-07,29,In
__export__.temp_log_194233_42e80f6b,Room Admin,2018-12-07,29,In
__export__.temp_log_194232_1514c12a,Room Admin,2018-12-07,29,In
__export__.temp_log_194229_84beecf2,Room Admin,2018-12-07,29,In
__export__.temp_log_194228_b3e44483,Room Admin,2018-12-07,29,In
__export__.temp_log_194203_acf9e745,Room Admin,2018-12-07,29,In
__export__.temp_log_194202_477eb83d,Room Admin,2018-12-07,29,In
__export__.temp_log_194195_31c7e13e,Room Admin,2018-12-07,29,In
__export__.temp_log_194194_62d36a9b,Room Admin,2018-12-07,29,In
__export__.temp_log_194175_e378910a,Room Admin,2018-12-07,29,In
__export__.temp_log_194174_158ef1c9,Room Admin,2018-12-07,29,In
__export__.temp_log_194159_c3e7d691,Room Admin,2018-12-07,29,In
__export__.temp_log_194158_5763dca9,Room Admin,2018-12-07,29,In
__export__.temp_log_194146_3a4e1e3c,Room Admin,2018-12-07,29,In
__export__.temp_log_194147_eea3ca5e,Room Admin,2018-12-07,29,In
__export__.temp_log_194134_daf0f4e9,Room Admin,2018-12-07,29,In
__export__.temp_log_194135_b80c055c,Room Admin,2018-12-07,29,In
__export__.temp_log_194129_9a96768c,Room Admin,2018-12-07,29,In
__export__.temp_log_194128_eef09767,Room Admin,2018-12-07,29,In
__export__.temp_log_194123_00b173ee,Room Admin,2018-12-07,29,In
__export__.temp_log_194122_834cb0b0,Room Admin,2018-12-07,29,In
__export__.temp_log_194115_cafc35b8,Room Admin,2018-12-07,29,In
__export__.temp_log_194114_ffd2af01,Room Admin,2018-12-07,29,In
__export__.temp_log_194107_04d6d4c0,Room Admin,2018-12-07,29,In
__export__.temp_log_194106_96f6d512,Room Admin,2018-12-07,29,In
__export__.temp_log_194098_acadf5c7,Room Admin,2018-12-07,29,In
__export__.temp_log_194099_3d3574f9,Room Admin,2018-12-07,29,In
__export__.temp_log_194097_c18c9631,Room Admin,2018-12-07,29,In
__export__.temp_log_194096_5d70cf74,Room Admin,2018-12-07,29,In
__export__.temp_log_194087_8db9a6e2,Room Admin,2018-12-07,29,In
__export__.temp_log_194086_fbc60b20,Room Admin,2018-12-07,29,In
__export__.temp_log_194081_6b636556,Room Admin,2018-12-07,30,In
__export__.temp_log_194080_9c52f1da,Room Admin,2018-12-07,30,In
__export__.temp_log_194073_f0a25200,Room Admin,2018-12-07,29,In
__export__.temp_log_194072_ba3e4151,Room Admin,2018-12-07,29,In
__export__.temp_log_194070_fd2d745f,Room Admin,2018-12-07,30,In
__export__.temp_log_194071_ac77d95a,Room Admin,2018-12-07,30,In
__export__.temp_log_194065_3f82be38,Room Admin,2018-12-07,29,In
__export__.temp_log_194064_75c34f4d,Room Admin,2018-12-07,29,In
__export__.temp_log_194057_a2c88a99,Room Admin,2018-12-07,29,In
__export__.temp_log_194056_f43f7983,Room Admin,2018-12-07,29,In
__export__.temp_log_194050_6e280363,Room Admin,2018-12-07,29,In
__export__.temp_log_194051_fc3ef93a,Room Admin,2018-12-07,29,In
__export__.temp_log_194049_77476829,Room Admin,2018-12-07,30,In
__export__.temp_log_194048_953e1ee9,Room Admin,2018-12-07,30,In
__export__.temp_log_194043_91db3085,Room Admin,2018-12-07,30,In
__export__.temp_log_194042_57c83490,Room Admin,2018-12-07,30,In
__export__.temp_log_194035_d0cd6b8a,Room Admin,2018-12-07,29,In
__export__.temp_log_194034_188d73b5,Room Admin,2018-12-07,29,In
__export__.temp_log_194031_27d0d8e1,Room Admin,2018-12-07,30,In
__export__.temp_log_194030_5a5fabd2,Room Admin,2018-12-07,30,In
__export__.temp_log_194022_3e13ce31,Room Admin,2018-12-07,30,In
__export__.temp_log_194021_4e4f3260,Room Admin,2018-12-07,30,In
__export__.temp_log_194010_d50ec98b,Room Admin,2018-12-07,29,In
__export__.temp_log_194011_69b12c92,Room Admin,2018-12-07,29,In
__export__.temp_log_194007_988db992,Room Admin,2018-12-07,29,In
__export__.temp_log_194006_e4f4d8b2,Room Admin,2018-12-07,29,In
__export__.temp_log_193999_c0c5c0be,Room Admin,2018-12-07,29,In
__export__.temp_log_193998_89136e8b,Room Admin,2018-12-07,29,In
__export__.temp_log_193990_f3215e61,Room Admin,2018-12-07,29,In
__export__.temp_log_193991_098685a8,Room Admin,2018-12-07,29,In
__export__.temp_log_193982_5b49a287,Room Admin,2018-12-07,29,In
__export__.temp_log_193983_d4440d1f,Room Admin,2018-12-07,29,In
__export__.temp_log_193979_7edc5bd2,Room Admin,2018-12-07,29,In
__export__.temp_log_193978_4ea26a90,Room Admin,2018-12-07,29,In
__export__.temp_log_193972_189f3a94,Room Admin,2018-12-07,29,In
__export__.temp_log_193973_5afa56c6,Room Admin,2018-12-07,29,In
__export__.temp_log_193965_3e000704,Room Admin,2018-12-07,29,In
__export__.temp_log_193964_3dd47169,Room Admin,2018-12-07,29,In
__export__.temp_log_193959_242bdcbc,Room Admin,2018-12-07,29,In
__export__.temp_log_193958_4398d75c,Room Admin,2018-12-07,29,In
__export__.temp_log_193956_9b868b11,Room Admin,2018-12-07,30,In
__export__.temp_log_193954_709aae2d,Room Admin,2018-12-07,30,In
__export__.temp_log_193945_140da819,Room Admin,2018-12-07,29,In
__export__.temp_log_193944_471cf3a9,Room Admin,2018-12-07,29,In
__export__.temp_log_193939_b4fd1abc,Room Admin,2018-12-07,29,In
__export__.temp_log_193938_fbd41a10,Room Admin,2018-12-07,29,In
__export__.temp_log_193925_df498136,Room Admin,2018-12-07,29,In
__export__.temp_log_193924_6395728c,Room Admin,2018-12-07,29,In
__export__.temp_log_193912_7b66273f,Room Admin,2018-12-07,29,In
__export__.temp_log_193913_0bc3ad2c,Room Admin,2018-12-07,29,In
__export__.temp_log_193911_dd4f56d8,Room Admin,2018-12-07,30,In
__export__.temp_log_193910_d845b9b0,Room Admin,2018-12-07,30,In
__export__.temp_log_193907_c4437255,Room Admin,2018-12-07,29,In
__export__.temp_log_193906_943ad71f,Room Admin,2018-12-07,29,In
__export__.temp_log_193903_f2dd4eb6,Room Admin,2018-12-07,29,In
__export__.temp_log_193902_f818df83,Room Admin,2018-12-07,29,In
__export__.temp_log_193891_241cbd71,Room Admin,2018-12-07,29,In
__export__.temp_log_193890_672b1379,Room Admin,2018-12-07,29,In
__export__.temp_log_193887_a130bb6a,Room Admin,2018-12-07,29,In
__export__.temp_log_193886_ff0eed26,Room Admin,2018-12-07,29,In
__export__.temp_log_193868_b7833858,Room Admin,2018-12-07,29,In
__export__.temp_log_193869_ded2354d,Room Admin,2018-12-07,29,In
__export__.temp_log_193866_e159ae47,Room Admin,2018-12-07,30,In
__export__.temp_log_193867_ddb8d126,Room Admin,2018-12-07,30,In
__export__.temp_log_193863_e5e2b7de,Room Admin,2018-12-07,29,In
__export__.temp_log_193862_d4240019,Room Admin,2018-12-07,29,In
__export__.temp_log_193860_80f1bac5,Room Admin,2018-12-07,30,In
__export__.temp_log_193859_11848c2d,Room Admin,2018-12-07,30,In
__export__.temp_log_193855_316ff885,Room Admin,2018-12-07,29,In
__export__.temp_log_193854_12425b2b,Room Admin,2018-12-07,29,In
__export__.temp_log_193850_31835823,Room Admin,2018-12-07,30,In
__export__.temp_log_193851_dbdf9533,Room Admin,2018-12-07,30,In
__export__.temp_log_193847_03047372,Room Admin,2018-12-07,30,In
__export__.temp_log_193846_231dea03,Room Admin,2018-12-07,30,In
__export__.temp_log_193845_72c0b197,Room Admin,2018-12-07,29,In
__export__.temp_log_193844_ae3291a7,Room Admin,2018-12-07,29,In
__export__.temp_log_193841_5e6cd5f4,Room Admin,2018-12-07,30,In
__export__.temp_log_193842_838c3ab0,Room Admin,2018-12-07,30,In
__export__.temp_log_193839_9094c400,Room Admin,2018-12-07,29,In
__export__.temp_log_193838_cbb7a53f,Room Admin,2018-12-07,29,In
__export__.temp_log_193836_8f82c5db,Room Admin,2018-12-07,30,In
__export__.temp_log_193834_f49a758f,Room Admin,2018-12-07,30,In
__export__.temp_log_193832_02a863e0,Room Admin,2018-12-07,29,In
__export__.temp_log_193833_cc1a6eef,Room Admin,2018-12-07,29,In
__export__.temp_log_193820_b856187c,Room Admin,2018-12-07,29,In
__export__.temp_log_193821_fbb2a1a6,Room Admin,2018-12-07,29,In
__export__.temp_log_193809_3e56ffa5,Room Admin,2018-12-07,29,In
__export__.temp_log_193808_bb2d21ab,Room Admin,2018-12-07,29,In
__export__.temp_log_193800_08adfb47,Room Admin,2018-12-07,29,In
__export__.temp_log_193801_c84b5244,Room Admin,2018-12-07,29,In
__export__.temp_log_193795_66775eb0,Room Admin,2018-12-07,29,In
__export__.temp_log_193794_d903d6ce,Room Admin,2018-12-07,29,In
__export__.temp_log_193788_26dedc75,Room Admin,2018-12-07,29,In
__export__.temp_log_193789_4200f372,Room Admin,2018-12-07,29,In
__export__.temp_log_193782_4bea19f3,Room Admin,2018-12-07,29,In
__export__.temp_log_193783_ba843c08,Room Admin,2018-12-07,29,In
__export__.temp_log_193772_02bb0477,Room Admin,2018-12-07,29,In
__export__.temp_log_193773_bdd8cff7,Room Admin,2018-12-07,29,In
__export__.temp_log_193771_f668dc5d,Room Admin,2018-12-07,29,In
__export__.temp_log_193769_c825c5df,Room Admin,2018-12-07,29,In
__export__.temp_log_193758_f14995ea,Room Admin,2018-12-07,29,In
__export__.temp_log_193759_9b8d3b5e,Room Admin,2018-12-07,29,In
__export__.temp_log_193753_43967000,Room Admin,2018-12-07,29,In
__export__.temp_log_193752_5e8bb39a,Room Admin,2018-12-07,29,In
__export__.temp_log_193751_9b35a8e9,Room Admin,2018-12-07,29,In
__export__.temp_log_193750_e48b032f,Room Admin,2018-12-07,29,In
__export__.temp_log_193746_57740f72,Room Admin,2018-12-07,29,In
__export__.temp_log_193747_2cc2a6f5,Room Admin,2018-12-07,29,In
__export__.temp_log_193735_02e9188c,Room Admin,2018-12-07,29,In
__export__.temp_log_193734_635b22e7,Room Admin,2018-12-07,29,In
__export__.temp_log_193725_2370db45,Room Admin,2018-12-07,29,In
__export__.temp_log_193722_2c45728d,Room Admin,2018-12-07,29,In
__export__.temp_log_193709_5b95ec4c,Room Admin,2018-12-07,29,In
__export__.temp_log_193708_74e2424f,Room Admin,2018-12-07,29,In
__export__.temp_log_193701_c9cef5df,Room Admin,2018-12-07,29,In
__export__.temp_log_193702_3386ee9a,Room Admin,2018-12-07,29,In
__export__.temp_log_193693_80ce71a5,Room Admin,2018-12-07,29,In
__export__.temp_log_193691_bce90790,Room Admin,2018-12-07,29,In
__export__.temp_log_193683_7e66b024,Room Admin,2018-12-07,29,In
__export__.temp_log_193682_bc358bc2,Room Admin,2018-12-07,29,In
__export__.temp_log_193667_4c150814,Room Admin,2018-12-07,29,In
__export__.temp_log_193666_9a6bea89,Room Admin,2018-12-07,29,In
__export__.temp_log_193663_7b44ded3,Room Admin,2018-12-07,29,In
__export__.temp_log_193662_5db2276e,Room Admin,2018-12-07,29,In
__export__.temp_log_193655_5947762e,Room Admin,2018-12-07,29,In
__export__.temp_log_193654_da84d0cc,Room Admin,2018-12-07,29,In
__export__.temp_log_193644_baecb955,Room Admin,2018-12-07,29,In
__export__.temp_log_193646_5395737e,Room Admin,2018-12-07,29,In
__export__.temp_log_193637_f5470f3e,Room Admin,2018-12-07,29,In
__export__.temp_log_193636_1735b35f,Room Admin,2018-12-07,29,In
__export__.temp_log_193632_afd1bfbd,Room Admin,2018-12-07,29,In
__export__.temp_log_193630_1471be64,Room Admin,2018-12-07,29,In
__export__.temp_log_193624_2bb46495,Room Admin,2018-12-07,29,In
__export__.temp_log_193622_8f16b489,Room Admin,2018-12-07,29,In
__export__.temp_log_193608_e37837fe,Room Admin,2018-12-07,29,In
__export__.temp_log_193607_7c52daff,Room Admin,2018-12-07,29,In
__export__.temp_log_193600_c13916a8,Room Admin,2018-12-07,29,In
__export__.temp_log_193601_37737af7,Room Admin,2018-12-07,29,In
__export__.temp_log_193586_bb08552c,Room Admin,2018-12-07,29,In
__export__.temp_log_193585_9e8a0182,Room Admin,2018-12-07,29,In
__export__.temp_log_193579_085996ca,Room Admin,2018-12-07,29,In
__export__.temp_log_193578_4701e62a,Room Admin,2018-12-07,29,In
__export__.temp_log_193575_648dac85,Room Admin,2018-12-07,29,In
__export__.temp_log_193574_964741f7,Room Admin,2018-12-07,29,In
__export__.temp_log_193571_b2972114,Room Admin,2018-12-07,29,In
__export__.temp_log_193570_a4c965b7,Room Admin,2018-12-07,29,In
__export__.temp_log_193569_f7a7fd61,Room Admin,2018-12-07,29,In
__export__.temp_log_193568_ad76b895,Room Admin,2018-12-07,29,In
__export__.temp_log_193555_ae90ef07,Room Admin,2018-12-07,29,In
__export__.temp_log_193554_e1261f20,Room Admin,2018-12-07,29,In
__export__.temp_log_193547_c5b1f8a7,Room Admin,2018-12-07,29,In
__export__.temp_log_193546_7c8054c9,Room Admin,2018-12-07,29,In
__export__.temp_log_193536_cb61e6a5,Room Admin,2018-12-07,29,In
__export__.temp_log_193537_85760d82,Room Admin,2018-12-07,29,In
__export__.temp_log_193519_464c713a,Room Admin,2018-12-07,29,In
__export__.temp_log_193518_80845352,Room Admin,2018-12-07,29,In
__export__.temp_log_193515_7c7f482c,Room Admin,2018-12-07,29,In
__export__.temp_log_193514_04dce9c2,Room Admin,2018-12-07,29,In
__export__.temp_log_193509_47e74171,Room Admin,2018-12-07,29,In
__export__.temp_log_193508_041bf6bc,Room Admin,2018-12-07,29,In
__export__.temp_log_193503_e8b2d4aa,Room Admin,2018-12-07,29,In
__export__.temp_log_193502_f55c1145,Room Admin,2018-12-07,29,In
__export__.temp_log_193498_ae6f325c,Room Admin,2018-12-07,29,In
__export__.temp_log_193499_f7fa44b1,Room Admin,2018-12-07,29,In
__export__.temp_log_193485_8b96c504,Room Admin,2018-12-07,29,In
__export__.temp_log_193484_840604ad,Room Admin,2018-12-07,29,In
__export__.temp_log_193476_f74bd76e,Room Admin,2018-12-07,29,In
__export__.temp_log_193477_b0fde479,Room Admin,2018-12-07,29,In
__export__.temp_log_193469_27f145d8,Room Admin,2018-12-07,29,In
__export__.temp_log_193468_495c1e37,Room Admin,2018-12-07,29,In
__export__.temp_log_193461_7df99090,Room Admin,2018-12-07,29,In
__export__.temp_log_193460_09287fbe,Room Admin,2018-12-07,29,In
__export__.temp_log_193445_cf6d2b39,Room Admin,2018-12-07,29,In
__export__.temp_log_193444_d6873729,Room Admin,2018-12-07,29,In
__export__.temp_log_193441_71892d9f,Room Admin,2018-12-07,29,In
__export__.temp_log_193440_3d8ff957,Room Admin,2018-12-07,29,In
__export__.temp_log_193434_88451e26,Room Admin,2018-12-07,29,In
__export__.temp_log_193435_8497ac16,Room Admin,2018-12-07,29,In
__export__.temp_log_193429_3254979a,Room Admin,2018-12-07,29,In
__export__.temp_log_193428_6c587c6a,Room Admin,2018-12-07,29,In
__export__.temp_log_193425_ce6563be,Room Admin,2018-12-07,29,In
__export__.temp_log_193424_ead838c6,Room Admin,2018-12-07,29,In
__export__.temp_log_193420_c75178be,Room Admin,2018-12-07,29,In
__export__.temp_log_193421_9d637b74,Room Admin,2018-12-07,29,In
__export__.temp_log_193417_ed99c66f,Room Admin,2018-12-07,29,In
__export__.temp_log_193416_aa17f34e,Room Admin,2018-12-07,29,In
__export__.temp_log_193409_c7691c55,Room Admin,2018-12-07,29,In
__export__.temp_log_193408_f540763e,Room Admin,2018-12-07,29,In
__export__.temp_log_193405_f291cdcb,Room Admin,2018-12-07,29,In
__export__.temp_log_193404_7fbd3b2f,Room Admin,2018-12-07,29,In
__export__.temp_log_193389_a82f0417,Room Admin,2018-12-07,29,In
__export__.temp_log_193388_536b0421,Room Admin,2018-12-07,29,In
__export__.temp_log_193385_2bdfd080,Room Admin,2018-12-07,29,In
__export__.temp_log_193384_a5afab8c,Room Admin,2018-12-07,29,In
__export__.temp_log_193380_3f63f161,Room Admin,2018-12-07,29,In
__export__.temp_log_193381_086c2dcc,Room Admin,2018-12-07,29,In
__export__.temp_log_193373_82f3d16b,Room Admin,2018-12-07,29,In
__export__.temp_log_193372_38f3dc85,Room Admin,2018-12-07,29,In
__export__.temp_log_193361_f6577b46,Room Admin,2018-12-07,29,In
__export__.temp_log_193359_f02d1879,Room Admin,2018-12-07,29,In
__export__.temp_log_193354_9a46f2b9,Room Admin,2018-12-07,29,In
__export__.temp_log_193355_b7e1a0ff,Room Admin,2018-12-07,29,In
__export__.temp_log_193352_37de6fb4,Room Admin,2018-12-07,29,In
__export__.temp_log_193353_26058b82,Room Admin,2018-12-07,29,In
__export__.temp_log_193348_608e4399,Room Admin,2018-12-07,29,In
__export__.temp_log_193349_4151d6ea,Room Admin,2018-12-07,29,In
__export__.temp_log_193334_adbf1779,Room Admin,2018-12-07,29,In
__export__.temp_log_193335_c10c90bb,Room Admin,2018-12-07,29,In
__export__.temp_log_193330_64a70470,Room Admin,2018-12-07,29,In
__export__.temp_log_193331_f83db468,Room Admin,2018-12-07,29,In
__export__.temp_log_193313_45e59b00,Room Admin,2018-12-07,29,In
__export__.temp_log_193312_36baeea8,Room Admin,2018-12-07,29,In
__export__.temp_log_193309_9b034095,Room Admin,2018-12-07,29,In
__export__.temp_log_193308_c9281f4a,Room Admin,2018-12-07,29,In
__export__.temp_log_193305_6e7b9214,Room Admin,2018-12-07,29,In
__export__.temp_log_193304_4fb96151,Room Admin,2018-12-07,29,In
__export__.temp_log_193290_3eb9fbed,Room Admin,2018-12-07,30,In
__export__.temp_log_193291_c54a210c,Room Admin,2018-12-07,30,In
__export__.temp_log_193284_c88e53a5,Room Admin,2018-12-07,29,In
__export__.temp_log_193285_ca0d2ee8,Room Admin,2018-12-07,29,In
__export__.temp_log_193282_cb5d2a24,Room Admin,2018-12-07,31,In
__export__.temp_log_193283_faf237aa,Room Admin,2018-12-07,31,In
__export__.temp_log_193276_de0282b3,Room Admin,2018-12-07,29,In
__export__.temp_log_193277_4ca004aa,Room Admin,2018-12-07,29,In
__export__.temp_log_193271_fd666204,Room Admin,2018-12-07,29,In
__export__.temp_log_193270_40507cd1,Room Admin,2018-12-07,29,In
__export__.temp_log_193261_9ccef470,Room Admin,2018-12-07,29,In
__export__.temp_log_193260_7b0c2261,Room Admin,2018-12-07,29,In
__export__.temp_log_193257_c369abed,Room Admin,2018-12-07,29,In
__export__.temp_log_193256_13a0c793,Room Admin,2018-12-07,29,In
__export__.temp_log_193251_dd9de65d,Room Admin,2018-12-07,29,In
__export__.temp_log_193250_1b405760,Room Admin,2018-12-07,29,In
__export__.temp_log_193241_bdf55460,Room Admin,2018-12-07,29,In
__export__.temp_log_193240_f3b65a8c,Room Admin,2018-12-07,29,In
__export__.temp_log_193236_84070109,Room Admin,2018-12-07,29,In
__export__.temp_log_193237_5bd3006b,Room Admin,2018-12-07,29,In
__export__.temp_log_193234_0049b8d8,Room Admin,2018-12-07,29,In
__export__.temp_log_193235_264843d0,Room Admin,2018-12-07,29,In
__export__.temp_log_193231_ef583aca,Room Admin,2018-12-07,29,In
__export__.temp_log_193230_2bfdb227,Room Admin,2018-12-07,29,In
__export__.temp_log_193225_a77b067f,Room Admin,2018-12-07,29,In
__export__.temp_log_193224_bfca2456,Room Admin,2018-12-07,29,In
__export__.temp_log_193216_08ef21c1,Room Admin,2018-12-07,29,In
__export__.temp_log_193217_cddc65fa,Room Admin,2018-12-07,29,In
__export__.temp_log_193209_5e885f47,Room Admin,2018-12-07,29,In
__export__.temp_log_193208_5579255e,Room Admin,2018-12-07,29,In
__export__.temp_log_193204_0be200f4,Room Admin,2018-12-07,29,In
__export__.temp_log_193205_14b218ac,Room Admin,2018-12-07,29,In
__export__.temp_log_193195_bd891986,Room Admin,2018-12-07,29,In
__export__.temp_log_193194_f4f7c6cf,Room Admin,2018-12-07,29,In
__export__.temp_log_193185_fc01c263,Room Admin,2018-12-07,29,In
__export__.temp_log_193184_963a35eb,Room Admin,2018-12-07,29,In
__export__.temp_log_193178_01ded52b,Room Admin,2018-12-07,29,In
__export__.temp_log_193179_ed130a7b,Room Admin,2018-12-07,29,In
__export__.temp_log_193175_9696414b,Room Admin,2018-12-07,29,In
__export__.temp_log_193174_44de89f4,Room Admin,2018-12-07,29,In
__export__.temp_log_193165_e7aae833,Room Admin,2018-12-07,29,In
__export__.temp_log_193164_1840663c,Room Admin,2018-12-07,29,In
__export__.temp_log_193161_81670863,Room Admin,2018-12-07,29,In
__export__.temp_log_193160_0d35685f,Room Admin,2018-12-07,29,In
__export__.temp_log_193154_873d23d1,Room Admin,2018-12-07,29,In
__export__.temp_log_193155_c56b1ae5,Room Admin,2018-12-07,29,In
__export__.temp_log_193143_78851693,Room Admin,2018-12-07,29,In
__export__.temp_log_193142_8f683839,Room Admin,2018-12-07,29,In
__export__.temp_log_193114_1b77c455,Room Admin,2018-12-07,29,In
__export__.temp_log_193115_45322cfe,Room Admin,2018-12-07,29,In
__export__.temp_log_193111_2663e9a3,Room Admin,2018-12-07,29,In
__export__.temp_log_193110_6d2edf50,Room Admin,2018-12-07,29,In
__export__.temp_log_193097_3c330c32,Room Admin,2018-12-07,29,In
__export__.temp_log_193096_1a1429e6,Room Admin,2018-12-07,29,In
__export__.temp_log_193087_5e07d100,Room Admin,2018-12-07,29,In
__export__.temp_log_193086_fd4a43cd,Room Admin,2018-12-07,29,In
__export__.temp_log_193081_71a82d75,Room Admin,2018-12-07,29,In
__export__.temp_log_193080_9ece985f,Room Admin,2018-12-07,29,In
__export__.temp_log_193075_a3f6144c,Room Admin,2018-12-07,29,In
__export__.temp_log_193074_512a0211,Room Admin,2018-12-07,29,In
__export__.temp_log_193067_b0306829,Room Admin,2018-12-07,29,In
__export__.temp_log_193066_08249471,Room Admin,2018-12-07,29,In
__export__.temp_log_193059_27130c77,Room Admin,2018-12-07,29,In
__export__.temp_log_193058_9087a659,Room Admin,2018-12-07,29,In
__export__.temp_log_193040_4ff381e5,Room Admin,2018-12-07,29,In
__export__.temp_log_193041_ec77ba2a,Room Admin,2018-12-07,29,In
__export__.temp_log_193014_d6138017,Room Admin,2018-12-07,29,In
__export__.temp_log_193015_34d3b2b5,Room Admin,2018-12-07,29,In
__export__.temp_log_193006_f8e0f40d,Room Admin,2018-12-07,29,In
__export__.temp_log_193007_06e6b7cc,Room Admin,2018-12-07,29,In
__export__.temp_log_192997_386e4584,Room Admin,2018-12-07,29,In
__export__.temp_log_192999_8638eafb,Room Admin,2018-12-07,29,In
__export__.temp_log_192989_f3592239,Room Admin,2018-12-07,29,In
__export__.temp_log_192991_98f7a36f,Room Admin,2018-12-07,29,In
__export__.temp_log_192980_50765625,Room Admin,2018-12-07,29,In
__export__.temp_log_192981_7079e76b,Room Admin,2018-12-07,29,In
__export__.temp_log_192968_8b29f28b,Room Admin,2018-12-07,29,In
__export__.temp_log_192969_c384143b,Room Admin,2018-12-07,29,In
__export__.temp_log_192959_ff2b7963,Room Admin,2018-12-07,29,In
__export__.temp_log_192958_de469061,Room Admin,2018-12-07,29,In
__export__.temp_log_192930_aed74f4c,Room Admin,2018-12-07,29,In
__export__.temp_log_192931_6939823a,Room Admin,2018-12-07,29,In
__export__.temp_log_192918_ea91f1e5,Room Admin,2018-12-07,29,In
__export__.temp_log_192919_4b707d37,Room Admin,2018-12-07,29,In
__export__.temp_log_192908_0c035ac9,Room Admin,2018-12-07,29,In
__export__.temp_log_192909_ed2b608c,Room Admin,2018-12-07,29,In
__export__.temp_log_192901_147ec3b1,Room Admin,2018-12-07,29,In
__export__.temp_log_192900_3ccc6b81,Room Admin,2018-12-07,29,In
__export__.temp_log_192890_858eae45,Room Admin,2018-12-07,29,In
__export__.temp_log_192891_43e8938a,Room Admin,2018-12-07,29,In
__export__.temp_log_192879_e1fcf292,Room Admin,2018-12-07,29,In
__export__.temp_log_192876_ec5f7caf,Room Admin,2018-12-07,29,In
__export__.temp_log_192837_4753f75e,Room Admin,2018-12-07,29,In
__export__.temp_log_192836_47d28080,Room Admin,2018-12-07,29,In
__export__.temp_log_192830_f00762b5,Room Admin,2018-12-07,29,In
__export__.temp_log_192831_49ed228b,Room Admin,2018-12-07,29,In
__export__.temp_log_192823_4d4abc0e,Room Admin,2018-12-07,29,In
__export__.temp_log_192822_c3f04dee,Room Admin,2018-12-07,29,In
__export__.temp_log_192816_d201b889,Room Admin,2018-12-07,29,In
__export__.temp_log_192817_fc7bb2fe,Room Admin,2018-12-07,29,In
__export__.temp_log_192810_e4527863,Room Admin,2018-12-07,29,In
__export__.temp_log_192811_6d30e66c,Room Admin,2018-12-07,29,In
__export__.temp_log_192806_b8cc740d,Room Admin,2018-12-07,29,In
__export__.temp_log_192807_996fd39f,Room Admin,2018-12-07,29,In
__export__.temp_log_192798_2359ce5a,Room Admin,2018-12-07,29,In
__export__.temp_log_192799_1d948f78,Room Admin,2018-12-07,29,In
__export__.temp_log_192793_e2b93680,Room Admin,2018-12-07,29,In
__export__.temp_log_192792_a758ba31,Room Admin,2018-12-07,29,In
__export__.temp_log_192783_ce6312cc,Room Admin,2018-12-07,29,In
__export__.temp_log_192784_c7598e2a,Room Admin,2018-12-07,29,In
__export__.temp_log_192780_7fd90434,Room Admin,2018-12-07,29,In
__export__.temp_log_192781_74a76d39,Room Admin,2018-12-07,29,In
__export__.temp_log_192773_3fe96ced,Room Admin,2018-12-07,29,In
__export__.temp_log_192772_f60fe10f,Room Admin,2018-12-07,29,In
__export__.temp_log_192767_76ca5759,Room Admin,2018-12-07,29,In
__export__.temp_log_192764_c682fc6a,Room Admin,2018-12-07,29,In
__export__.temp_log_192755_a80cc955,Room Admin,2018-12-07,29,In
__export__.temp_log_192753_e2cc1c29,Room Admin,2018-12-07,29,In
__export__.temp_log_192746_9816cba2,Room Admin,2018-12-07,29,In
__export__.temp_log_192747_d9544240,Room Admin,2018-12-07,29,In
__export__.temp_log_192735_f190159d,Room Admin,2018-12-07,29,In
__export__.temp_log_192734_b729b847,Room Admin,2018-12-07,29,In
__export__.temp_log_192730_58a81d1e,Room Admin,2018-12-07,29,In
__export__.temp_log_192731_7f2d6c39,Room Admin,2018-12-07,29,In
__export__.temp_log_192722_141984ec,Room Admin,2018-12-07,29,In
__export__.temp_log_192719_e23dfbbc,Room Admin,2018-12-07,29,In
__export__.temp_log_192718_847a39f0,Room Admin,2018-12-07,30,In
__export__.temp_log_192723_e9e40e3d,Room Admin,2018-12-07,30,In
__export__.temp_log_192713_b513634c,Room Admin,2018-12-07,29,In
__export__.temp_log_192712_1ae79f65,Room Admin,2018-12-07,29,In
__export__.temp_log_192696_bfd9f7f4,Room Admin,2018-12-07,29,In
__export__.temp_log_192697_ffbeb923,Room Admin,2018-12-07,29,In
__export__.temp_log_192691_8b0de4e7,Room Admin,2018-12-07,29,In
__export__.temp_log_192690_8bf889fd,Room Admin,2018-12-07,29,In
__export__.temp_log_192685_47059e30,Room Admin,2018-12-07,29,In
__export__.temp_log_192684_c72840b1,Room Admin,2018-12-07,29,In
__export__.temp_log_192678_fd6f51de,Room Admin,2018-12-07,29,In
__export__.temp_log_192679_b5488556,Room Admin,2018-12-07,29,In
__export__.temp_log_192673_073af3ec,Room Admin,2018-12-07,29,In
__export__.temp_log_192675_d24d9612,Room Admin,2018-12-07,29,In
__export__.temp_log_192667_aa032528,Room Admin,2018-12-07,29,In
__export__.temp_log_192664_8054f518,Room Admin,2018-12-07,29,In
__export__.temp_log_192661_0a9c6a19,Room Admin,2018-12-07,29,In
__export__.temp_log_192660_8cff71c8,Room Admin,2018-12-07,29,In
__export__.temp_log_192651_6d4a8a20,Room Admin,2018-12-07,29,In
__export__.temp_log_192650_e444a264,Room Admin,2018-12-07,29,In
__export__.temp_log_192643_765e817d,Room Admin,2018-12-07,29,In
__export__.temp_log_192642_4908d2c6,Room Admin,2018-12-07,29,In
__export__.temp_log_192634_9db19f6f,Room Admin,2018-12-07,30,In
__export__.temp_log_192635_8e7b1724,Room Admin,2018-12-07,30,In
__export__.temp_log_192626_ed54b4f0,Room Admin,2018-12-07,30,In
__export__.temp_log_192628_442e9b81,Room Admin,2018-12-07,29,In
__export__.temp_log_192627_5d6d7373,Room Admin,2018-12-07,29,In
__export__.temp_log_192629_6b9c68a2,Room Admin,2018-12-07,30,In
__export__.temp_log_192619_a47a2dce,Room Admin,2018-12-07,29,In
__export__.temp_log_192620_66fd5255,Room Admin,2018-12-07,29,In
__export__.temp_log_192621_7daece86,Room Admin,2018-12-07,30,In
__export__.temp_log_192618_fca32b37,Room Admin,2018-12-07,30,In
__export__.temp_log_192612_33f4af37,Room Admin,2018-12-07,29,In
__export__.temp_log_192610_47c6e708,Room Admin,2018-12-07,29,In
__export__.temp_log_192611_fccdbf82,Room Admin,2018-12-07,30,In
__export__.temp_log_192613_2e24d2ea,Room Admin,2018-12-07,30,In
__export__.temp_log_192606_d9eb6e89,Room Admin,2018-12-07,29,In
__export__.temp_log_192604_d9022447,Room Admin,2018-12-07,29,In
__export__.temp_log_192603_9bb5bcbe,Room Admin,2018-12-07,29,In
__export__.temp_log_192601_3a2d48e9,Room Admin,2018-12-07,29,In
__export__.temp_log_192592_040d839f,Room Admin,2018-12-07,29,In
__export__.temp_log_192595_5babfe3a,Room Admin,2018-12-07,29,In
__export__.temp_log_192586_75f55438,Room Admin,2018-12-07,29,In
__export__.temp_log_192585_1b2858d3,Room Admin,2018-12-07,30,In
__export__.temp_log_192584_1123f17a,Room Admin,2018-12-07,29,In
__export__.temp_log_192581_df7c19b7,Room Admin,2018-12-07,30,In
__export__.temp_log_192560_b4d76a4b,Room Admin,2018-12-07,29,In
__export__.temp_log_192558_5cff2c2d,Room Admin,2018-12-07,30,In
__export__.temp_log_192563_52d1cf4b,Room Admin,2018-12-07,29,In
__export__.temp_log_192561_2f3e2d11,Room Admin,2018-12-07,30,In
__export__.temp_log_192555_8345ceff,Room Admin,2018-12-07,29,In
__export__.temp_log_192553_949f5730,Room Admin,2018-12-07,30,In
__export__.temp_log_192552_96ef8c7b,Room Admin,2018-12-07,30,In
__export__.temp_log_192557_06bd9dda,Room Admin,2018-12-07,29,In
__export__.temp_log_192544_27fc8a09,Room Admin,2018-12-07,29,In
__export__.temp_log_192545_2f682b4e,Room Admin,2018-12-07,29,In
__export__.temp_log_192531_17565a40,Room Admin,2018-12-07,29,In
__export__.temp_log_192536_d6d34f83,Room Admin,2018-12-07,29,In
__export__.temp_log_192533_ada20680,Room Admin,2018-12-07,30,In
__export__.temp_log_192526_dbde72be,Room Admin,2018-12-07,30,In
__export__.temp_log_192511_9542f930,Room Admin,2018-12-07,29,In
__export__.temp_log_192509_d47f5a24,Room Admin,2018-12-07,29,In
__export__.temp_log_192505_95d5204e,Room Admin,2018-12-07,29,In
__export__.temp_log_192504_954ac3bb,Room Admin,2018-12-07,29,In
__export__.temp_log_192482_4b35c2a8,Room Admin,2018-12-07,29,In
__export__.temp_log_192483_d543ee3d,Room Admin,2018-12-07,29,In
__export__.temp_log_192477_7e392aa0,Room Admin,2018-12-07,29,In
__export__.temp_log_192476_32559082,Room Admin,2018-12-07,29,In
__export__.temp_log_192470_3b039572,Room Admin,2018-12-07,29,In
__export__.temp_log_192471_91d1e3f2,Room Admin,2018-12-07,29,In
__export__.temp_log_192463_f62d7612,Room Admin,2018-12-07,29,In
__export__.temp_log_192462_0301a780,Room Admin,2018-12-07,29,In
__export__.temp_log_192458_57f06cb9,Room Admin,2018-12-07,29,In
__export__.temp_log_192459_7604ba35,Room Admin,2018-12-07,29,In
__export__.temp_log_192455_5dfcf9b3,Room Admin,2018-12-07,29,In
__export__.temp_log_192454_b9eaaac1,Room Admin,2018-12-07,29,In
__export__.temp_log_192446_4acbc638,Room Admin,2018-12-07,29,In
__export__.temp_log_192447_ae02db5e,Room Admin,2018-12-07,29,In
__export__.temp_log_192429_97adb4a1,Room Admin,2018-12-07,29,In
__export__.temp_log_192428_db569a39,Room Admin,2018-12-07,29,In
__export__.temp_log_192425_39327d1a,Room Admin,2018-12-07,29,In
__export__.temp_log_192424_33770972,Room Admin,2018-12-07,29,In
__export__.temp_log_192421_d0e20556,Room Admin,2018-12-07,29,In
__export__.temp_log_192420_4eb01439,Room Admin,2018-12-07,29,In
__export__.temp_log_192419_4fd0182f,Room Admin,2018-12-07,30,In
__export__.temp_log_192418_fbe62a4a,Room Admin,2018-12-07,30,In
__export__.temp_log_192413_18b83f09,Room Admin,2018-12-07,29,In
__export__.temp_log_192412_0112ff91,Room Admin,2018-12-07,29,In
__export__.temp_log_192406_0b730cea,Room Admin,2018-12-07,29,In
__export__.temp_log_192407_cdd599ec,Room Admin,2018-12-07,29,In
__export__.temp_log_192391_14ec7fa4,Room Admin,2018-12-07,29,In
__export__.temp_log_192390_0e475d2c,Room Admin,2018-12-07,29,In
__export__.temp_log_192372_d4721f1d,Room Admin,2018-12-07,29,In
__export__.temp_log_192373_1664b772,Room Admin,2018-12-07,29,In
__export__.temp_log_192361_116270fc,Room Admin,2018-12-07,29,In
__export__.temp_log_192360_4065098e,Room Admin,2018-12-07,29,In
__export__.temp_log_192357_9f1fae51,Room Admin,2018-12-07,29,In
__export__.temp_log_192356_6666c3f4,Room Admin,2018-12-07,29,In
__export__.temp_log_192355_464e83a5,Room Admin,2018-12-07,30,In
__export__.temp_log_192354_08b383d5,Room Admin,2018-12-07,30,In
__export__.temp_log_192353_f54eaf4b,Room Admin,2018-12-07,31,In
__export__.temp_log_192351_9edce08a,Room Admin,2018-12-07,31,In
__export__.temp_log_192341_c31da9b2,Room Admin,2018-12-07,29,In
__export__.temp_log_192340_3c450538,Room Admin,2018-12-07,29,In
__export__.temp_log_192336_9db82ee0,Room Admin,2018-12-07,29,In
__export__.temp_log_192337_d3f8821a,Room Admin,2018-12-07,29,In
__export__.temp_log_192333_10e62258,Room Admin,2018-12-07,29,In
__export__.temp_log_192332_c4ba722a,Room Admin,2018-12-07,29,In
__export__.temp_log_192325_44c3018f,Room Admin,2018-12-07,29,In
__export__.temp_log_192324_fc7596a9,Room Admin,2018-12-07,29,In
__export__.temp_log_192312_38e4da36,Room Admin,2018-12-07,29,In
__export__.temp_log_192313_c9b3ab37,Room Admin,2018-12-07,29,In
__export__.temp_log_192309_6134beef,Room Admin,2018-12-07,29,In
__export__.temp_log_192308_9632d447,Room Admin,2018-12-07,29,In
__export__.temp_log_192302_b14ce54f,Room Admin,2018-12-07,29,In
__export__.temp_log_192303_667e698d,Room Admin,2018-12-07,29,In
__export__.temp_log_192301_112ead07,Room Admin,2018-12-07,30,In
__export__.temp_log_192300_896cdaaa,Room Admin,2018-12-07,30,In
__export__.temp_log_192297_b4422340,Room Admin,2018-12-07,31,In
__export__.temp_log_192296_05345943,Room Admin,2018-12-07,31,In
__export__.temp_log_192289_5cd9e999,Room Admin,2018-12-07,29,In
__export__.temp_log_192288_0bb3a674,Room Admin,2018-12-07,29,In
__export__.temp_log_192283_99fa7a6b,Room Admin,2018-12-07,29,In
__export__.temp_log_192282_ba398e4c,Room Admin,2018-12-07,29,In
__export__.temp_log_192276_6bdb7e87,Room Admin,2018-12-07,29,In
__export__.temp_log_192277_ebd202bf,Room Admin,2018-12-07,29,In
__export__.temp_log_192273_c897b697,Room Admin,2018-12-07,29,In
__export__.temp_log_192272_c11a564e,Room Admin,2018-12-07,29,In
__export__.temp_log_192266_55989e65,Room Admin,2018-12-07,29,In
__export__.temp_log_192267_40d50dcf,Room Admin,2018-12-07,29,In
__export__.temp_log_192258_17632a30,Room Admin,2018-12-07,29,In
__export__.temp_log_192259_de37578b,Room Admin,2018-12-07,29,In
__export__.temp_log_192253_ca996adb,Room Admin,2018-12-07,29,In
__export__.temp_log_192251_4e7067e9,Room Admin,2018-12-07,29,In
__export__.temp_log_192240_1c71d973,Room Admin,2018-12-07,29,In
__export__.temp_log_192238_90126df5,Room Admin,2018-12-07,29,In
__export__.temp_log_192231_bf0d1f04,Room Admin,2018-12-07,29,In
__export__.temp_log_192249_9df273a7,Room Admin,2018-12-07,29,In
__export__.temp_log_192225_857d676c,Room Admin,2018-12-07,29,In
__export__.temp_log_192223_f3b332d2,Room Admin,2018-12-07,29,In
__export__.temp_log_192216_145fe509,Room Admin,2018-12-07,29,In
__export__.temp_log_192206_f22dda31,Room Admin,2018-12-07,29,In
__export__.temp_log_192183_4ccea57a,Room Admin,2018-12-07,29,In
__export__.temp_log_192159_72fb4615,Room Admin,2018-12-07,29,In
__export__.temp_log_192153_4ca70cc9,Room Admin,2018-12-07,29,In
__export__.temp_log_192129_5b312745,Room Admin,2018-12-07,29,In
__export__.temp_log_192130_7b9dfffb,Room Admin,2018-12-07,29,In
__export__.temp_log_192124_e1c49a92,Room Admin,2018-12-07,29,In
__export__.temp_log_192123_9657661a,Room Admin,2018-12-07,29,In
__export__.temp_log_192117_bec17ce5,Room Admin,2018-12-07,29,In
__export__.temp_log_192116_ca613bcb,Room Admin,2018-12-07,29,In
__export__.temp_log_192089_5ecebeb5,Room Admin,2018-12-07,29,In
__export__.temp_log_192091_0e719ee6,Room Admin,2018-12-07,29,In
__export__.temp_log_192088_fd4204e3,Room Admin,2018-12-07,30,In
__export__.temp_log_192108_b73c3713,Room Admin,2018-12-07,30,In
__export__.temp_log_192081_10e34ea1,Room Admin,2018-12-07,29,In
__export__.temp_log_192105_9eaf662f,Room Admin,2018-12-07,29,In
__export__.temp_log_192078_c2ad10a0,Room Admin,2018-12-07,31,In
__export__.temp_log_192079_b9f3d4ce,Room Admin,2018-12-07,31,In
__export__.temp_log_192063_4fd015a2,Room Admin,2018-12-07,29,In
__export__.temp_log_192064_2358e031,Room Admin,2018-12-07,29,In
__export__.temp_log_192055_301841e1,Room Admin,2018-12-07,29,In
__export__.temp_log_192056_f53e0711,Room Admin,2018-12-07,29,In
__export__.temp_log_192052_3293cb58,Room Admin,2018-12-07,29,In
__export__.temp_log_192051_4b79eff6,Room Admin,2018-12-07,29,In
__export__.temp_log_192043_52a85c4e,Room Admin,2018-12-07,29,In
__export__.temp_log_192042_4ef46704,Room Admin,2018-12-07,29,In
__export__.temp_log_192041_8036afbb,Room Admin,2018-12-07,29,In
__export__.temp_log_192040_b5878300,Room Admin,2018-12-07,29,In
__export__.temp_log_192035_781c3017,Room Admin,2018-12-07,29,In
__export__.temp_log_192034_60385182,Room Admin,2018-12-07,29,In
__export__.temp_log_192030_c272162c,Room Admin,2018-12-07,29,In
__export__.temp_log_192032_71211257,Room Admin,2018-12-07,29,In
__export__.temp_log_192025_381e9ce3,Room Admin,2018-12-07,29,In
__export__.temp_log_192026_a939aac7,Room Admin,2018-12-07,29,In
__export__.temp_log_192017_25a53fe7,Room Admin,2018-12-07,29,In
__export__.temp_log_192018_30c5fab5,Room Admin,2018-12-07,29,In
__export__.temp_log_192013_a18cfa18,Room Admin,2018-12-07,29,In
__export__.temp_log_192014_851eaa98,Room Admin,2018-12-07,29,In
__export__.temp_log_192012_0bc22bf5,Room Admin,2018-12-07,29,In
__export__.temp_log_192011_eea4959c,Room Admin,2018-12-07,29,In
__export__.temp_log_192006_aba52093,Room Admin,2018-12-07,29,In
__export__.temp_log_192005_a9a0011c,Room Admin,2018-12-07,29,In
__export__.temp_log_192003_f0d3ff8c,Room Admin,2018-12-07,29,In
__export__.temp_log_192004_3e149f9b,Room Admin,2018-12-07,29,In
__export__.temp_log_192002_ef4f4336,Room Admin,2018-12-07,29,In
__export__.temp_log_192001_75aec152,Room Admin,2018-12-07,29,In
__export__.temp_log_191995_20a8786c,Room Admin,2018-12-07,29,In
__export__.temp_log_191996_6e87986b,Room Admin,2018-12-07,29,In
__export__.temp_log_191993_16b0f1ba,Room Admin,2018-12-07,29,In
__export__.temp_log_191994_6e94a3a1,Room Admin,2018-12-07,29,In
__export__.temp_log_191989_1e7a2c55,Room Admin,2018-12-07,29,In
__export__.temp_log_191990_24d7996a,Room Admin,2018-12-07,29,In
__export__.temp_log_191988_1a86694a,Room Admin,2018-12-07,29,In
__export__.temp_log_191987_ae79bf8d,Room Admin,2018-12-07,29,In
__export__.temp_log_191984_7315c858,Room Admin,2018-12-07,29,In
__export__.temp_log_191983_71a04717,Room Admin,2018-12-07,29,In
__export__.temp_log_191982_f1dc72ee,Room Admin,2018-12-07,29,In
__export__.temp_log_191981_4aac9808,Room Admin,2018-12-07,29,In
__export__.temp_log_191977_93f01319,Room Admin,2018-12-07,29,In
__export__.temp_log_191978_7a011502,Room Admin,2018-12-07,29,In
__export__.temp_log_191971_b646c0ec,Room Admin,2018-12-07,29,In
__export__.temp_log_191972_98d544cd,Room Admin,2018-12-07,29,In
__export__.temp_log_191970_5e85d638,Room Admin,2018-12-07,29,In
__export__.temp_log_191969_c9c149c4,Room Admin,2018-12-07,29,In
__export__.temp_log_191963_c9a06bbb,Room Admin,2018-12-07,30,In
__export__.temp_log_191964_dad5c723,Room Admin,2018-12-07,30,In
__export__.temp_log_191954_d1d419f2,Room Admin,2018-12-07,29,In
__export__.temp_log_191953_03176630,Room Admin,2018-12-07,29,In
__export__.temp_log_191952_c0fc2bd0,Room Admin,2018-12-07,29,In
__export__.temp_log_191951_95eed221,Room Admin,2018-12-07,29,In
__export__.temp_log_191949_d19a6a36,Room Admin,2018-12-07,30,In
__export__.temp_log_191950_3ac9ea43,Room Admin,2018-12-07,30,In
__export__.temp_log_191943_799a300b,Room Admin,2018-12-07,31,In
__export__.temp_log_191944_9eccb7b2,Room Admin,2018-12-07,31,In
__export__.temp_log_191919_ccb8bfe2,Room Admin,2018-12-07,30,In
__export__.temp_log_191920_b3eb48a5,Room Admin,2018-12-07,30,In
__export__.temp_log_191916_f520ee8e,Room Admin,2018-12-07,29,In
__export__.temp_log_191915_4e3c0873,Room Admin,2018-12-07,29,In
__export__.temp_log_191912_be7605c3,Room Admin,2018-12-07,29,In
__export__.temp_log_191911_43dba3b0,Room Admin,2018-12-07,29,In
__export__.temp_log_191896_850a0038,Room Admin,2018-12-07,29,In
__export__.temp_log_191895_fc2ae300,Room Admin,2018-12-07,29,In
__export__.temp_log_191891_7b9008fc,Room Admin,2018-12-07,29,In
__export__.temp_log_191892_ca8ff4ba,Room Admin,2018-12-07,29,In
__export__.temp_log_191865_2518e269,Room Admin,2018-12-07,30,In
__export__.temp_log_191866_bb26571f,Room Admin,2018-12-07,30,In
__export__.temp_log_191859_394a0e99,Room Admin,2018-12-07,30,In
__export__.temp_log_191860_85205b71,Room Admin,2018-12-07,30,In
__export__.temp_log_191856_69de99cf,Room Admin,2018-12-07,29,In
__export__.temp_log_191855_7eb2341c,Room Admin,2018-12-07,29,In
__export__.temp_log_191822_562f67d3,Room Admin,2018-12-07,30,In
__export__.temp_log_191821_83f0dffa,Room Admin,2018-12-07,30,In
__export__.temp_log_191797_a9d3c26e,Room Admin,2018-12-07,29,In
__export__.temp_log_191798_f521432f,Room Admin,2018-12-07,29,In
__export__.temp_log_191789_953f5805,Room Admin,2018-12-07,30,In
__export__.temp_log_191790_ef14067e,Room Admin,2018-12-07,30,In
__export__.temp_log_191737_2f0ff8cc,Room Admin,2018-12-07,29,In
__export__.temp_log_191738_756769f3,Room Admin,2018-12-07,29,In
__export__.temp_log_191680_aa0ef842,Room Admin,2018-12-07,29,In
__export__.temp_log_191679_60d7ce04,Room Admin,2018-12-07,29,In
__export__.temp_log_191641_d883043e,Room Admin,2018-12-07,29,In
__export__.temp_log_191642_3e1a8968,Room Admin,2018-12-07,29,In
__export__.temp_log_191615_deb68e8f,Room Admin,2018-12-07,29,In
__export__.temp_log_191616_b852aae4,Room Admin,2018-12-07,29,In
__export__.temp_log_191580_517b7710,Room Admin,2018-12-07,28,In
__export__.temp_log_191579_6fd9da37,Room Admin,2018-12-07,28,In
__export__.temp_log_191567_101a26d0,Room Admin,2018-12-07,28,In
__export__.temp_log_191568_48e4775f,Room Admin,2018-12-07,28,In
__export__.temp_log_191552_8593039b,Room Admin,2018-12-07,28,In
__export__.temp_log_191551_5f3cddb1,Room Admin,2018-12-07,28,In
__export__.temp_log_191543_368ac59e,Room Admin,2018-12-07,28,In
__export__.temp_log_191544_f2baa6f7,Room Admin,2018-12-07,28,In
__export__.temp_log_191536_545403ff,Room Admin,2018-12-07,27,In
__export__.temp_log_191535_f15e6363,Room Admin,2018-12-07,27,In
__export__.temp_log_191530_2fadac12,Room Admin,2018-12-07,27,In
__export__.temp_log_191529_d9822bcc,Room Admin,2018-12-07,27,In
__export__.temp_log_191522_739ac5ed,Room Admin,2018-12-07,27,In
__export__.temp_log_191521_4d861638,Room Admin,2018-12-07,27,In
__export__.temp_log_191514_c6aa1021,Room Admin,2018-12-07,27,In
__export__.temp_log_191515_2d0c2833,Room Admin,2018-12-07,27,In
__export__.temp_log_191516_091796d3,Room Admin,2018-12-07,27,In
__export__.temp_log_191513_e5544efd,Room Admin,2018-12-07,27,In
__export__.temp_log_191456_9007d7a8,Room Admin,2018-12-07,27,In
__export__.temp_log_191455_e431e7eb,Room Admin,2018-12-07,27,In
__export__.temp_log_191444_1f3cee58,Room Admin,2018-12-07,27,In
__export__.temp_log_191443_907e1f0d,Room Admin,2018-12-07,27,In
__export__.temp_log_191004_c1fed0cc,Room Admin,2018-12-07,27,In
__export__.temp_log_191003_e95633bc,Room Admin,2018-12-07,27,In
__export__.temp_log_190958_5fe4c9ac,Room Admin,2018-12-07,27,In
__export__.temp_log_190957_9e3d1a86,Room Admin,2018-12-07,27,In
__export__.temp_log_190930_35dfade4,Room Admin,2018-12-07,27,In
__export__.temp_log_190929_648169f3,Room Admin,2018-12-07,27,In
__export__.temp_log_190921_b11d789e,Room Admin,2018-12-07,27,In
__export__.temp_log_190922_37c3247b,Room Admin,2018-12-07,27,In
__export__.temp_log_190913_17301e9e,Room Admin,2018-12-07,27,In
__export__.temp_log_190914_02386a86,Room Admin,2018-12-07,27,In
__export__.temp_log_190910_c462fb88,Room Admin,2018-12-07,28,In
__export__.temp_log_190909_84a89fdf,Room Admin,2018-12-07,28,In
__export__.temp_log_190899_9f061414,Room Admin,2018-12-07,28,In
__export__.temp_log_190900_a35792a9,Room Admin,2018-12-07,28,In
__export__.temp_log_190891_b5b3fe0e,Room Admin,2018-12-07,30,In
__export__.temp_log_190892_c9462f1d,Room Admin,2018-12-07,30,In
__export__.temp_log_190883_c83a5005,Room Admin,2018-12-07,30,In
__export__.temp_log_190884_4f2b0ade,Room Admin,2018-12-07,30,In
__export__.temp_log_190860_30363521,Room Admin,2018-12-07,30,In
__export__.temp_log_190859_31bbb4c8,Room Admin,2018-12-07,30,In
__export__.temp_log_190853_124b05da,Room Admin,2018-12-07,30,In
__export__.temp_log_190854_ed63308d,Room Admin,2018-12-07,30,In
__export__.temp_log_190830_c8504947,Room Admin,2018-12-07,30,In
__export__.temp_log_190829_2369f1d1,Room Admin,2018-12-07,30,In
__export__.temp_log_190819_f96562f1,Room Admin,2018-12-07,31,In
__export__.temp_log_190820_fdda325d,Room Admin,2018-12-07,31,In
__export__.temp_log_190799_6401ad73,Room Admin,2018-12-07,30,In
__export__.temp_log_190800_3ffc2c5f,Room Admin,2018-12-07,30,In
__export__.temp_log_190793_cb29f220,Room Admin,2018-12-07,29,In
__export__.temp_log_190794_08d54ca2,Room Admin,2018-12-07,29,In
__export__.temp_log_190689_7717db85,Room Admin,2018-12-07,30,In
__export__.temp_log_190690_7d7c5349,Room Admin,2018-12-07,30,In
__export__.temp_log_190684_dc669211,Room Admin,2018-12-07,30,In
__export__.temp_log_190683_c0a6ab26,Room Admin,2018-12-07,30,In
__export__.temp_log_190674_cb4f9fb5,Room Admin,2018-12-07,30,In
__export__.temp_log_190673_8f88fc51,Room Admin,2018-12-07,30,In
__export__.temp_log_190668_9b3743c9,Room Admin,2018-12-07,30,In
__export__.temp_log_190667_e7f8c399,Room Admin,2018-12-07,30,In
__export__.temp_log_190660_6fd97fab,Room Admin,2018-12-07,30,In
__export__.temp_log_190659_50ed4f01,Room Admin,2018-12-07,30,In
__export__.temp_log_190629_e2b94a82,Room Admin,2018-12-07,30,In
__export__.temp_log_190630_f5daf1dc,Room Admin,2018-12-07,30,In
__export__.temp_log_190621_75ed0cbd,Room Admin,2018-12-07,30,In
__export__.temp_log_190622_98c3fcfe,Room Admin,2018-12-07,30,In
__export__.temp_log_190584_8856fa79,Room Admin,2018-12-07,30,In
__export__.temp_log_190583_fa7fff8f,Room Admin,2018-12-07,30,In
__export__.temp_log_190575_0aa4fd7c,Room Admin,2018-12-07,30,In
__export__.temp_log_190576_7cac1cc8,Room Admin,2018-12-07,30,In
__export__.temp_log_190443_9164107b,Room Admin,2018-12-06,30,In
__export__.temp_log_190444_99c969ff,Room Admin,2018-12-06,30,In
__export__.temp_log_190433_5f722b50,Room Admin,2018-12-06,30,In
__export__.temp_log_190434_5ba4f2a3,Room Admin,2018-12-06,30,In
__export__.temp_log_190421_a0a320ce,Room Admin,2018-12-06,30,In
__export__.temp_log_190419_ecd7e13c,Room Admin,2018-12-06,30,In
__export__.temp_log_190404_ab8db4b6,Room Admin,2018-12-06,30,In
__export__.temp_log_190403_6505e365,Room Admin,2018-12-06,30,In
__export__.temp_log_190398_c5396a61,Room Admin,2018-12-06,30,In
__export__.temp_log_190396_9874140a,Room Admin,2018-12-06,30,In
__export__.temp_log_189976_44e06117,Room Admin,2018-12-06,30,In
__export__.temp_log_189975_e2120c23,Room Admin,2018-12-06,30,In
__export__.temp_log_189972_16e5dd83,Room Admin,2018-12-06,30,In
__export__.temp_log_189971_14ea51fa,Room Admin,2018-12-06,30,In
__export__.temp_log_189966_e76827d4,Room Admin,2018-12-06,30,In
__export__.temp_log_189965_5c690b6e,Room Admin,2018-12-06,30,In
__export__.temp_log_189797_de14de34,Room Admin,2018-12-06,30,In
__export__.temp_log_189798_3b9372fc,Room Admin,2018-12-06,30,In
__export__.temp_log_189696_7a233a94,Room Admin,2018-12-06,30,In
__export__.temp_log_189695_16e162be,Room Admin,2018-12-06,30,In
__export__.temp_log_189692_371ea74c,Room Admin,2018-12-06,30,In
__export__.temp_log_189691_97b2360e,Room Admin,2018-12-06,30,In
__export__.temp_log_189680_b8c0a77f,Room Admin,2018-12-06,30,In
__export__.temp_log_189679_1c5e8c56,Room Admin,2018-12-06,30,In
__export__.temp_log_189675_d5bf0d04,Room Admin,2018-12-06,30,In
__export__.temp_log_189676_c89e0190,Room Admin,2018-12-06,30,In
__export__.temp_log_189656_c690a034,Room Admin,2018-12-06,30,In
__export__.temp_log_189653_ce15574d,Room Admin,2018-12-06,30,In
__export__.temp_log_189646_eb4f705b,Room Admin,2018-12-06,30,In
__export__.temp_log_189648_dc7fb166,Room Admin,2018-12-06,30,In
__export__.temp_log_189639_6d5406e7,Room Admin,2018-12-06,30,In
__export__.temp_log_189640_e18098ee,Room Admin,2018-12-06,30,In
__export__.temp_log_189636_fcc03536,Room Admin,2018-12-06,30,In
__export__.temp_log_189635_9ac3452e,Room Admin,2018-12-06,30,In
__export__.temp_log_189631_0e21113f,Room Admin,2018-12-06,30,In
__export__.temp_log_189634_e8af750a,Room Admin,2018-12-06,30,In
__export__.temp_log_189624_8ce8c854,Room Admin,2018-12-06,30,In
__export__.temp_log_189623_5e8427a6,Room Admin,2018-12-06,30,In
__export__.temp_log_189477_a99e894a,Room Admin,2018-12-06,30,In
__export__.temp_log_189478_26c7cf0e,Room Admin,2018-12-06,30,In
__export__.temp_log_189471_aeed9679,Room Admin,2018-12-06,30,In
__export__.temp_log_189472_0cf4f976,Room Admin,2018-12-06,30,In
__export__.temp_log_189457_0d084378,Room Admin,2018-12-06,30,In
__export__.temp_log_189458_196b0d3a,Room Admin,2018-12-06,30,In
__export__.temp_log_189449_49a3976c,Room Admin,2018-12-06,30,In
__export__.temp_log_189450_8f52b7ad,Room Admin,2018-12-06,30,In
__export__.temp_log_189445_a51a7561,Room Admin,2018-12-06,30,In
__export__.temp_log_189446_fd73690a,Room Admin,2018-12-06,30,In
__export__.temp_log_189433_8560e912,Room Admin,2018-12-06,30,In
__export__.temp_log_189434_66660b19,Room Admin,2018-12-06,30,In
__export__.temp_log_189409_ba9c882b,Room Admin,2018-12-06,30,In
__export__.temp_log_189410_52f5ddf2,Room Admin,2018-12-06,30,In
__export__.temp_log_189396_a782a156,Room Admin,2018-12-06,30,In
__export__.temp_log_189395_41c4f237,Room Admin,2018-12-06,30,In
__export__.temp_log_189383_0883155b,Room Admin,2018-12-06,30,In
__export__.temp_log_189384_2c537ce3,Room Admin,2018-12-06,30,In
__export__.temp_log_189377_099234b8,Room Admin,2018-12-06,30,In
__export__.temp_log_189378_391d212f,Room Admin,2018-12-06,30,In
__export__.temp_log_189361_92de7a4a,Room Admin,2018-12-06,30,In
__export__.temp_log_189362_d359b959,Room Admin,2018-12-06,30,In
__export__.temp_log_189359_6c61f06f,Room Admin,2018-12-06,30,In
__export__.temp_log_189360_0eb16adc,Room Admin,2018-12-06,30,In
__export__.temp_log_189353_80679dc8,Room Admin,2018-12-06,31,In
__export__.temp_log_189354_4e8d886f,Room Admin,2018-12-06,31,In
__export__.temp_log_189332_836d591a,Room Admin,2018-12-06,30,In
__export__.temp_log_189331_f82eb355,Room Admin,2018-12-06,30,In
__export__.temp_log_189322_dfc5da6d,Room Admin,2018-12-06,30,In
__export__.temp_log_189321_6be01cd8,Room Admin,2018-12-06,30,In
__export__.temp_log_189290_8394a065,Room Admin,2018-12-06,30,In
__export__.temp_log_189289_03c8ee27,Room Admin,2018-12-06,30,In
__export__.temp_log_189285_73d6176f,Room Admin,2018-12-06,30,In
__export__.temp_log_189286_48a037d5,Room Admin,2018-12-06,30,In
__export__.temp_log_189256_2fe5ba35,Room Admin,2018-12-06,30,In
__export__.temp_log_189255_9abe2cae,Room Admin,2018-12-06,30,In
__export__.temp_log_189245_f72eed17,Room Admin,2018-12-06,29,In
__export__.temp_log_189246_955a609e,Room Admin,2018-12-06,29,In
__export__.temp_log_189217_b8c92386,Room Admin,2018-12-06,30,In
__export__.temp_log_189218_14d630b3,Room Admin,2018-12-06,30,In
__export__.temp_log_189193_26feb4bc,Room Admin,2018-12-06,30,In
__export__.temp_log_189194_8d7b21b0,Room Admin,2018-12-06,30,In
__export__.temp_log_189185_e7802a04,Room Admin,2018-12-06,29,In
__export__.temp_log_189186_1486e1fd,Room Admin,2018-12-06,29,In
__export__.temp_log_189183_bff9a36c,Room Admin,2018-12-06,30,In
__export__.temp_log_189184_e685567d,Room Admin,2018-12-06,30,In
__export__.temp_log_189135_e1809574,Room Admin,2018-12-06,29,In
__export__.temp_log_189136_d9e06a10,Room Admin,2018-12-06,29,In
__export__.temp_log_189097_0a9d4a63,Room Admin,2018-12-06,29,In
__export__.temp_log_189098_2faaf6d0,Room Admin,2018-12-06,29,In
__export__.temp_log_189091_b0f821e6,Room Admin,2018-12-06,29,In
__export__.temp_log_189092_79db0a78,Room Admin,2018-12-06,29,In
__export__.temp_log_189090_47fd50d5,Room Admin,2018-12-06,28,In
__export__.temp_log_189089_3b5e69bd,Room Admin,2018-12-06,28,In
__export__.temp_log_189087_a83ca708,Room Admin,2018-12-06,29,In
__export__.temp_log_189088_65b58167,Room Admin,2018-12-06,29,In
__export__.temp_log_189078_c4e50b49,Room Admin,2018-12-06,28,In
__export__.temp_log_189077_e71eb444,Room Admin,2018-12-06,28,In
__export__.temp_log_189068_c34bb6f8,Room Admin,2018-12-06,28,In
__export__.temp_log_189067_fcc1d035,Room Admin,2018-12-06,28,In
__export__.temp_log_189063_d9a92ae9,Room Admin,2018-12-06,28,In
__export__.temp_log_189064_c06496fd,Room Admin,2018-12-06,28,In
__export__.temp_log_189056_f1ba599f,Room Admin,2018-12-06,27,In
__export__.temp_log_189055_48d26113,Room Admin,2018-12-06,27,In
__export__.temp_log_189047_a68d3264,Room Admin,2018-12-06,27,In
__export__.temp_log_189048_9349ca89,Room Admin,2018-12-06,27,In
__export__.temp_log_189042_7e83d934,Room Admin,2018-12-06,27,In
__export__.temp_log_189041_a50f70ce,Room Admin,2018-12-06,27,In
__export__.temp_log_189035_96c02e56,Room Admin,2018-12-06,27,In
__export__.temp_log_189036_0252f6b9,Room Admin,2018-12-06,27,In
__export__.temp_log_188995_50ccb00e,Room Admin,2018-12-06,27,In
__export__.temp_log_188996_8369833b,Room Admin,2018-12-06,27,In
__export__.temp_log_188949_14a04a1a,Room Admin,2018-12-06,27,In
__export__.temp_log_188950_cb9db6a1,Room Admin,2018-12-06,27,In
__export__.temp_log_188940_bb8faedb,Room Admin,2018-12-06,27,In
__export__.temp_log_188939_bc24382f,Room Admin,2018-12-06,27,In
__export__.temp_log_188929_524ae930,Room Admin,2018-12-06,27,In
__export__.temp_log_188930_08aa7fd0,Room Admin,2018-12-06,27,In
__export__.temp_log_188925_1b296225,Room Admin,2018-12-06,27,In
__export__.temp_log_188926_3c6a0fe5,Room Admin,2018-12-06,27,In
__export__.temp_log_188921_9464acad,Room Admin,2018-12-06,27,In
__export__.temp_log_188922_87e04a1d,Room Admin,2018-12-06,27,In
__export__.temp_log_188919_6416e975,Room Admin,2018-12-06,27,In
__export__.temp_log_188920_2fba30f8,Room Admin,2018-12-06,27,In
__export__.temp_log_188897_02ec7f73,Room Admin,2018-12-06,27,In
__export__.temp_log_188898_97875d0f,Room Admin,2018-12-06,27,In
__export__.temp_log_188863_f65f8a8a,Room Admin,2018-12-06,27,In
__export__.temp_log_188864_afde465a,Room Admin,2018-12-06,27,In
__export__.temp_log_188855_e74394cc,Room Admin,2018-12-06,27,In
__export__.temp_log_188856_05948514,Room Admin,2018-12-06,27,In
__export__.temp_log_188811_fa8f78d0,Room Admin,2018-12-06,27,In
__export__.temp_log_188812_f9257d40,Room Admin,2018-12-06,27,In
__export__.temp_log_188783_97b3b19b,Room Admin,2018-12-06,27,In
__export__.temp_log_188784_92f9cc83,Room Admin,2018-12-06,27,In
__export__.temp_log_188776_3b9f6337,Room Admin,2018-12-06,27,In
__export__.temp_log_188775_ccfe0bff,Room Admin,2018-12-06,27,In
__export__.temp_log_188770_87a6ccb0,Room Admin,2018-12-06,27,In
__export__.temp_log_188769_309f0cf9,Room Admin,2018-12-06,27,In
__export__.temp_log_188734_9229afa2,Room Admin,2018-12-06,27,In
__export__.temp_log_188733_6f99b0ae,Room Admin,2018-12-06,27,In
__export__.temp_log_188674_cac0fd78,Room Admin,2018-12-06,27,In
__export__.temp_log_188673_31717adb,Room Admin,2018-12-06,27,In
__export__.temp_log_188650_fea85b62,Room Admin,2018-12-06,27,In
__export__.temp_log_188649_d27c26d1,Room Admin,2018-12-06,27,In
__export__.temp_log_188603_02ef1b95,Room Admin,2018-12-06,27,In
__export__.temp_log_188604_0f2bebd3,Room Admin,2018-12-06,27,In
__export__.temp_log_188557_5f4e3ff2,Room Admin,2018-12-06,27,In
__export__.temp_log_188595_1a5a0a75,Room Admin,2018-12-06,27,In
__export__.temp_log_188518_906a6f3a,Room Admin,2018-12-06,27,In
__export__.temp_log_188517_e883c06f,Room Admin,2018-12-06,27,In
__export__.temp_log_188497_4d99e6c5,Room Admin,2018-12-06,27,In
__export__.temp_log_188498_2d8a2bfc,Room Admin,2018-12-06,27,In
__export__.temp_log_188486_abe131e3,Room Admin,2018-12-06,27,In
__export__.temp_log_188484_d1d103e0,Room Admin,2018-12-06,27,In
__export__.temp_log_188474_2958c516,Room Admin,2018-12-06,27,In
__export__.temp_log_188475_25134a95,Room Admin,2018-12-06,27,In
__export__.temp_log_188485_1d4de097,Room Admin,2018-12-06,27,In
__export__.temp_log_188453_7d500c20,Room Admin,2018-12-06,27,In
__export__.temp_log_188372_166804a3,Room Admin,2018-12-06,27,In
__export__.temp_log_188373_7837ce99,Room Admin,2018-12-06,27,In
__export__.temp_log_188360_1217a3b1,Room Admin,2018-12-06,27,In
__export__.temp_log_188359_b924ab05,Room Admin,2018-12-06,27,In
__export__.temp_log_188344_790e4b4b,Room Admin,2018-12-06,27,In
__export__.temp_log_188341_f3c4b21f,Room Admin,2018-12-06,27,In
__export__.temp_log_188322_a9852498,Room Admin,2018-12-06,27,In
__export__.temp_log_188317_4b064d6c,Room Admin,2018-12-06,27,In
__export__.temp_log_188325_f616a6fb,Room Admin,2018-12-06,27,In
__export__.temp_log_188327_019e2cf4,Room Admin,2018-12-06,27,In
__export__.temp_log_188291_e1b2e389,Room Admin,2018-12-06,27,In
__export__.temp_log_188292_33af1439,Room Admin,2018-12-06,27,In
__export__.temp_log_188256_9c000212,Room Admin,2018-12-06,27,In
__export__.temp_log_188255_050e4019,Room Admin,2018-12-06,27,In
__export__.temp_log_188242_d159b4b2,Room Admin,2018-12-06,27,In
__export__.temp_log_188241_3e06ff5a,Room Admin,2018-12-06,27,In
__export__.temp_log_188229_12f3b7a4,Room Admin,2018-12-06,27,In
__export__.temp_log_188230_594c43eb,Room Admin,2018-12-06,27,In
__export__.temp_log_188221_d62f95d4,Room Admin,2018-12-06,27,In
__export__.temp_log_188222_acc5100e,Room Admin,2018-12-06,27,In
__export__.temp_log_188215_c609f446,Room Admin,2018-12-06,27,In
__export__.temp_log_188216_87cee09f,Room Admin,2018-12-06,27,In
__export__.temp_log_188205_b5c239c9,Room Admin,2018-12-06,27,In
__export__.temp_log_188206_68a763c6,Room Admin,2018-12-06,27,In
__export__.temp_log_188195_149ab00b,Room Admin,2018-12-06,27,In
__export__.temp_log_188196_cf6cca18,Room Admin,2018-12-06,27,In
__export__.temp_log_188179_03bf06b4,Room Admin,2018-12-06,27,In
__export__.temp_log_188180_d683d34e,Room Admin,2018-12-06,27,In
__export__.temp_log_188171_59ff6698,Room Admin,2018-12-06,27,In
__export__.temp_log_188168_c0c69cf2,Room Admin,2018-12-06,27,In
__export__.temp_log_188181_a90ea4f9,Room Admin,2018-12-06,27,In
__export__.temp_log_188182_2130b173,Room Admin,2018-12-06,27,In
__export__.temp_log_188148_e89b7dae,Room Admin,2018-12-06,27,In
__export__.temp_log_188146_8530adbb,Room Admin,2018-12-06,27,In
__export__.temp_log_188132_dedc5a25,Room Admin,2018-12-06,27,In
__export__.temp_log_188134_1226f790,Room Admin,2018-12-06,27,In
__export__.temp_log_188129_ebbf388e,Room Admin,2018-12-06,27,In
__export__.temp_log_188130_38c6e067,Room Admin,2018-12-06,27,In
__export__.temp_log_188108_d3d035f1,Room Admin,2018-12-06,27,In
__export__.temp_log_188110_b9d38a06,Room Admin,2018-12-06,27,In
__export__.temp_log_188100_a15e27c2,Room Admin,2018-12-06,27,In
__export__.temp_log_188099_cb7e80f4,Room Admin,2018-12-06,27,In
__export__.temp_log_188085_9ecf5be4,Room Admin,2018-12-06,27,In
__export__.temp_log_188086_62ee73eb,Room Admin,2018-12-06,27,In
__export__.temp_log_188080_e4755fed,Room Admin,2018-12-06,27,In
__export__.temp_log_188075_e235fadc,Room Admin,2018-12-06,27,In
__export__.temp_log_188052_caa8450b,Room Admin,2018-12-06,27,In
__export__.temp_log_188054_0e898479,Room Admin,2018-12-06,27,In
__export__.temp_log_187941_c6ddae8e,Room Admin,2018-12-06,27,In
__export__.temp_log_187942_0ce624d5,Room Admin,2018-12-06,27,In
__export__.temp_log_187930_35b4ad31,Room Admin,2018-12-06,27,In
__export__.temp_log_187929_062b55f4,Room Admin,2018-12-06,27,In
__export__.temp_log_187892_6a6f2e00,Room Admin,2018-12-06,27,In
__export__.temp_log_187891_cb292b5d,Room Admin,2018-12-06,27,In
__export__.temp_log_187836_bf98f2c2,Room Admin,2018-12-06,27,In
__export__.temp_log_187838_516c7979,Room Admin,2018-12-06,27,In
__export__.temp_log_187816_2a0f2f98,Room Admin,2018-12-06,27,In
__export__.temp_log_187815_8e95cfa8,Room Admin,2018-12-06,27,In
__export__.temp_log_187809_86174396,Room Admin,2018-12-06,27,In
__export__.temp_log_187810_ea071e21,Room Admin,2018-12-06,27,In
__export__.temp_log_187765_e36d2d38,Room Admin,2018-12-06,27,In
__export__.temp_log_187766_512852a1,Room Admin,2018-12-06,27,In
__export__.temp_log_187754_8cc27c06,Room Admin,2018-12-06,27,In
__export__.temp_log_187755_3ce47e3f,Room Admin,2018-12-06,27,In
__export__.temp_log_187747_4af263b5,Room Admin,2018-12-06,27,In
__export__.temp_log_187748_a3cf0649,Room Admin,2018-12-06,27,In
__export__.temp_log_187714_c6836730,Room Admin,2018-12-06,27,In
__export__.temp_log_187713_78062bd3,Room Admin,2018-12-06,27,In
__export__.temp_log_187695_0afd155f,Room Admin,2018-12-06,27,In
__export__.temp_log_187696_37591eff,Room Admin,2018-12-06,27,In
__export__.temp_log_187688_19c64bd5,Room Admin,2018-12-06,27,In
__export__.temp_log_187687_8089b373,Room Admin,2018-12-06,27,In
__export__.temp_log_187348_8a8c1497,Room Admin,2018-12-06,27,In
__export__.temp_log_187349_d9b5b198,Room Admin,2018-12-06,27,In
__export__.temp_log_187304_6816edfc,Room Admin,2018-12-06,27,In
__export__.temp_log_187305_957bf962,Room Admin,2018-12-06,27,In
__export__.temp_log_187294_94efb163,Room Admin,2018-12-06,27,In
__export__.temp_log_187295_e10c78d8,Room Admin,2018-12-06,27,In
__export__.temp_log_187287_2781d0b8,Room Admin,2018-12-06,28,In
__export__.temp_log_187286_8088a39a,Room Admin,2018-12-06,28,In
__export__.temp_log_187271_22f12f09,Room Admin,2018-12-06,27,In
__export__.temp_log_187270_afd435ef,Room Admin,2018-12-06,27,In
__export__.temp_log_187262_6f27e924,Room Admin,2018-12-06,27,In
__export__.temp_log_187263_a69e3151,Room Admin,2018-12-06,27,In
__export__.temp_log_187253_c531341a,Room Admin,2018-12-06,27,In
__export__.temp_log_187252_30e7250e,Room Admin,2018-12-06,27,In
__export__.temp_log_187236_2edd7cac,Room Admin,2018-12-06,27,In
__export__.temp_log_187237_83e5d563,Room Admin,2018-12-06,27,In
__export__.temp_log_187233_658fbed7,Room Admin,2018-12-06,27,In
__export__.temp_log_187232_2bf2d53c,Room Admin,2018-12-06,27,In
__export__.temp_log_187226_ee92ce83,Room Admin,2018-12-06,27,In
__export__.temp_log_187227_cde5e84e,Room Admin,2018-12-06,27,In
__export__.temp_log_187219_17d77786,Room Admin,2018-12-06,27,In
__export__.temp_log_187218_9249d4c7,Room Admin,2018-12-06,27,In
__export__.temp_log_187214_333edad9,Room Admin,2018-12-06,27,In
__export__.temp_log_187215_b99abcc0,Room Admin,2018-12-06,27,In
__export__.temp_log_187209_b2a83bc5,Room Admin,2018-12-06,27,In
__export__.temp_log_187208_e8e88c70,Room Admin,2018-12-06,27,In
__export__.temp_log_187205_1865dde7,Room Admin,2018-12-06,27,In
__export__.temp_log_187204_14a8197e,Room Admin,2018-12-06,27,In
__export__.temp_log_187128_3c87ed2c,Room Admin,2018-12-06,27,In
__export__.temp_log_187129_9936ff03,Room Admin,2018-12-06,27,In
__export__.temp_log_187122_5947d3b6,Room Admin,2018-12-06,28,In
__export__.temp_log_187123_dedb8374,Room Admin,2018-12-06,28,In
__export__.temp_log_187113_b6299405,Room Admin,2018-12-06,29,In
__export__.temp_log_187112_54ccec84,Room Admin,2018-12-06,29,In
__export__.temp_log_187107_fa5370d3,Room Admin,2018-12-06,29,In
__export__.temp_log_187106_e81476cc,Room Admin,2018-12-06,29,In
__export__.temp_log_187101_6f8bf59f,Room Admin,2018-12-06,29,In
__export__.temp_log_187100_c4fe076e,Room Admin,2018-12-06,29,In
__export__.temp_log_187095_2e88827c,Room Admin,2018-12-06,30,In
__export__.temp_log_187094_0fb1daea,Room Admin,2018-12-06,30,In
__export__.temp_log_187082_c99221cb,Room Admin,2018-12-06,30,In
__export__.temp_log_187083_e577b4a2,Room Admin,2018-12-06,30,In
__export__.temp_log_187077_b9ac2ced,Room Admin,2018-12-06,30,In
__export__.temp_log_187076_8ba3b68f,Room Admin,2018-12-06,30,In
__export__.temp_log_187051_11716f45,Room Admin,2018-12-06,30,In
__export__.temp_log_187050_516a082f,Room Admin,2018-12-06,30,In
__export__.temp_log_187049_5b4144c3,Room Admin,2018-12-06,30,In
__export__.temp_log_187048_24578730,Room Admin,2018-12-06,30,In
__export__.temp_log_187043_981162f3,Room Admin,2018-12-06,30,In
__export__.temp_log_187042_113a9dc5,Room Admin,2018-12-06,30,In
__export__.temp_log_187033_105b5578,Room Admin,2018-12-06,30,In
__export__.temp_log_187032_a46e5906,Room Admin,2018-12-06,30,In
__export__.temp_log_187001_c4cc04f9,Room Admin,2018-12-06,30,In
__export__.temp_log_187000_1126956e,Room Admin,2018-12-06,30,In
__export__.temp_log_186996_a2bf22a5,Room Admin,2018-12-06,31,In
__export__.temp_log_186997_856d704b,Room Admin,2018-12-06,31,In
__export__.temp_log_186888_d81be8fe,Room Admin,2018-12-06,30,In
__export__.temp_log_186889_c617653e,Room Admin,2018-12-06,30,In
__export__.temp_log_186881_285f28d0,Room Admin,2018-12-06,30,In
__export__.temp_log_186880_19b3cd83,Room Admin,2018-12-06,30,In
__export__.temp_log_186831_32c0858d,Room Admin,2018-12-06,30,In
__export__.temp_log_186833_b73ad779,Room Admin,2018-12-06,30,In
__export__.temp_log_186820_b68fed98,Room Admin,2018-12-06,30,In
__export__.temp_log_186821_5b5a7f08,Room Admin,2018-12-06,30,In
